Date,Open,High,Low,Close,Volume,Dividends,Stock Splits
2017-02-06,35.34618181827878,35.77711206667593,35.007245579039946,35.152503967285156,20602,0.0,0.0
2017-02-07,35.05565693394833,35.443012546346104,34.95881803084888,35.10407638549805,9045,0.0,0.0
2017-02-08,35.05565057993169,35.24932835102549,34.571456152197186,34.86197280883789,10552,0.0,0.0
2017-02-09,34.973343951895856,34.973343951895856,34.67314481746396,34.95882034301758,8140,0.0,0.0
2017-02-10,35.05565693394833,35.15249583704777,34.81355967619971,35.10407638549805,21909,0.0,0.0
2017-02-13,35.200916962449924,35.73353095482341,35.200916962449924,35.63669204711914,16884,0.0,0.0
2017-02-14,35.53985396386647,36.508243063373804,35.00723995913743,36.45982360839844,33869,0.0,0.0
2017-02-15,36.21772350538191,36.55665969848633,36.21772350538191,36.55665969848633,11055,0.0,0.0
2017-02-16,35.97562330077562,36.556652954907726,35.75773578825919,36.26613998413086,13768,0.0,0.0
2017-02-17,36.314564249962594,36.7503356202399,35.83036971345573,36.36298370361328,14371,0.0,0.0
2017-02-21,36.55665280270916,36.992427825927734,36.50823706826324,36.992427825927734,10251,0.0,0.0
2017-02-22,36.79875564575195,36.84717881273402,36.45982317750893,36.79875564575195,15979,0.0,0.0
2017-02-23,36.84717242409161,37.28294372558594,36.50823630203514,37.28294372558594,11457,0.0,0.0
2017-02-24,37.08927237217077,37.137691826573906,36.556658373736276,36.79875564575195,5728,0.0,0.0
2017-02-27,36.70191435430376,37.37978289079263,36.508236568856,36.944007873535156,21105,0.0,0.0
2017-02-28,36.84717180486869,36.895587537484836,35.97562179137002,36.120880126953125,19296,0.0,0.0
2017-03-01,36.60507473385843,37.37978593882113,36.31456174457604,37.234527587890625,12462,0.0,0.0
2017-03-02,37.040853860197785,37.040853860197785,36.26614628261566,36.508243560791016,8844,0.0,0.0
2017-03-03,36.4113946132301,36.6050724021336,35.39458993406513,36.26613998413086,23316,0.0,0.0
2017-03-06,35.8787817910529,37.62187805154846,35.8787817910529,37.476619720458984,22411,0.0,0.0
2017-03-07,37.33137025217995,37.4766286177551,36.60507842430423,36.8471794128418,21406,0.0,0.0
2017-03-08,36.99243406583795,37.08927297622138,36.41140060353737,36.8471794128418,14472,0.0,0.0
2017-03-09,36.75033718340652,36.944015006247305,36.41140099343515,36.89559555053711,14472,0.0,0.0
2017-03-10,37.06505750216276,37.08926722600521,36.79875053989582,37.04084777832031,12160,0.0,0.0
2017-03-13,37.16189639753256,37.234525569059905,36.84717370015913,37.04084777832031,16180,0.0,0.0
2017-03-14,37.186112284798284,37.64609711404515,36.50824361743457,36.89559555053711,24321,0.0,0.0
2017-03-15,35.975625305047295,37.791350964596774,35.975625305047295,37.573463439941406,23617,0.0,0.0
2017-03-16,37.57346413935485,38.106078098426785,37.18610853275707,38.009239196777344,26532,0.0,0.0
2017-03-17,38.00923569349788,38.00923569349788,36.84717269338959,36.944007873535156,94470,0.0,0.0
2017-03-20,37.33136873499592,37.33136873499592,36.65350010244016,36.70191955566406,9849,0.0,0.0
2017-03-21,36.89558959873816,36.89558959873816,36.16930159282514,36.31455993652344,24723,0.0,0.0
2017-03-22,36.26613846253624,36.55665142112424,36.02403752398616,36.120880126953125,21607,0.0,0.0
2017-03-23,36.12088475034389,36.508240361479494,35.83036804199219,35.83036804199219,9547,0.0,0.0
2017-03-24,36.120885063493795,36.362982322552405,35.297754382694514,35.491432189941406,9849,0.0,0.0
2017-03-27,35.152495230317534,35.97562589245563,35.055656328889526,35.78194808959961,6432,0.0,0.0
2017-03-28,35.78195040867555,35.83036986252768,35.53985313941487,35.63669204711914,10150,0.0,0.0
2017-03-29,35.58827109356485,35.63669054537657,35.394593286317956,35.491432189941406,6231,0.0,0.0
2017-03-30,35.44301555551413,35.491435011174744,35.24933773287169,35.394596099853516,13668,0.0,0.0
2017-03-31,35.297757028053006,35.53985430525538,35.007240295410156,35.007240295410156,19597,0.0,0.0
2017-04-03,35.15249665457036,35.15249665457036,34.765141033164056,34.813560485839844,9246,0.0,0.0
2017-04-04,34.81355649405542,34.81355649405542,33.55465086883329,33.69990921020508,10552,0.0,0.0
2017-04-05,33.7967517438385,34.213158291429124,33.16729886344513,33.312557220458984,12864,0.0,0.0
2017-04-06,33.24961113896218,33.433602813581956,32.92519861022623,33.022037506103516,31557,0.0,0.0
2017-04-07,33.55465448214874,33.55465448214874,33.070459958769234,33.312557220458984,37486,0.0,0.0
2017-04-10,33.36096879766637,33.699904884023375,33.26412991585008,33.651485443115234,26733,0.0,0.0
2017-04-11,33.603066779667124,34.28093896806479,33.603066779667124,34.08726119995117,25125,0.0,0.0
2017-04-12,34.13568636623983,34.9103975686067,33.16729736328125,33.16729736328125,91053,0.0,0.0
2017-04-13,33.31255396821197,33.31255396821197,32.634681701660156,32.634681701660156,47235,0.0,0.0
2017-04-17,32.77994437677015,32.92520273880039,32.48942765270969,32.68310546875,30753,0.0,0.0
2017-04-18,32.58626047172066,32.973616031420725,32.58626047172066,32.8283576965332,26833,0.0,0.0
2017-04-19,32.87678066239367,33.360975163872965,32.87678066239367,33.16729736328125,23718,0.0,0.0
2017-04-20,33.312557220458984,33.36097667279694,32.925201601755376,33.312557220458984,20100,0.0,0.0
2017-04-21,33.3609749570102,33.457813856705584,32.683102659142506,32.77994155883789,16180,0.0,0.0
2017-04-24,33.215715297858075,33.26413474579672,32.87677916228759,33.022037506103516,14572,0.0,0.0
2017-04-25,33.21571601799742,33.748329956869895,33.118877120020606,33.45781326293945,14572,0.0,0.0
2017-04-26,33.7967494058583,34.135685548777154,33.45781326293945,33.45781326293945,12361,0.0,0.0
2017-04-27,33.45781048104581,33.45781048104581,32.77993825157069,32.8283576965332,13165,0.0,0.0
2017-04-28,32.82836282660984,32.97362118419684,32.53784611143585,32.586265563964844,15075,0.0,0.0
2017-05-01,32.58626375944712,32.97361935822866,32.58626375944712,32.77994155883789,36280,0.0,0.0
2017-05-02,32.77993825157069,33.02203547638323,32.77993825157069,32.8283576965332,14773,0.0,0.0
2017-05-03,32.683107300773706,32.683107300773706,32.44101001715276,32.48942947387695,13869,0.0,0.0
2017-05-04,32.537846933064955,32.58626638681662,31.763135673038356,32.29574966430664,23215,0.0,0.0
2017-05-05,32.2957471522712,32.44100550222766,31.884181827394535,32.05364990234375,24622,0.0,0.0
2017-05-08,32.10207306490783,32.344166602256685,31.908395264965872,32.05364990234375,21205,0.0,0.0
2017-05-09,32.0536496076126,32.82836080025701,32.0536496076126,32.39258575439453,37687,0.0,0.0
2017-05-10,32.344168301319854,32.683104469022844,32.29574884879085,32.586265563964844,18592,0.0,0.0
2017-05-11,32.48942765270969,32.97362219281047,32.44100819869961,32.68310546875,29044,0.0,0.0
2017-05-12,32.731518806608186,33.16245260929015,32.63467991668317,32.8283576965332,24120,0.0,0.0
2017-05-15,32.876784112059546,33.5062370300293,32.77994520160266,33.5062370300293,7939,0.0,0.0
2017-05-16,33.60307110358222,33.60307110358222,33.07045717273503,33.409393310546875,9949,0.0,0.0
2017-05-17,32.97362036627893,32.97362036627893,32.77994256096716,32.87678146362305,14874,0.0,0.0
2017-05-18,32.58626047172066,33.02203547638323,32.58626047172066,32.8283576965332,13869,0.0,0.0
2017-05-19,32.87677485582113,33.36096927178383,32.828355414224866,32.97361373901367,12763,0.0,0.0
2017-05-22,33.02204231560454,33.26413959055804,32.92520340562314,33.11888122558594,11658,0.0,0.0
2017-05-23,33.167288704115165,33.748321954196776,32.779933204060754,33.07044982910156,14673,0.0,0.0
2017-05-24,33.118869266608364,33.167288704115165,32.97361095408796,33.07044982910156,8442,0.0,0.0
2017-05-25,33.11887770777174,33.554652756400976,32.7315221089902,32.77994155883789,12160,0.0,0.0
2017-05-26,32.779945040651036,33.50623686551154,32.779945040651036,33.11888122558594,12663,0.0,0.0
2017-05-30,33.11887206380248,33.31254983018756,32.7799359726286,32.97361373901367,17386,0.0,0.0
2017-05-31,32.8283576965332,33.02203547638323,32.8283576965332,32.8283576965332,11356,0.0,0.0
2017-06-01,32.97361373901367,33.26413038859129,32.828355414224866,32.97361373901367,10552,0.0,0.0
2017-06-02,33.11887640198079,33.50623198548991,32.92519861022623,33.022037506103516,16482,0.0,0.0
2017-06-05,33.118878720262764,33.2641370742466,32.87678146362305,32.87678146362305,12562,0.0,0.0
2017-06-06,32.77994225775324,33.21571731567383,32.73152280687318,33.21571731567383,11155,0.0,0.0
2017-06-07,33.215715297858075,33.215715297858075,32.87677916228759,33.022037506103516,11859,0.0,0.0
2017-06-08,33.022037506103516,33.50623198548991,32.92519861022623,33.022037506103516,15778,0.0,0.0
2017-06-09,33.215716813429175,33.65149186476054,32.97361956268953,33.16729736328125,16784,0.0,0.0
2017-06-12,33.2157147389658,33.748328657329004,32.97361750334616,33.69990921020508,12261,0.0,0.0
2017-06-13,33.748334306171515,33.990431582313725,33.5062370300293,33.5062370300293,16080,0.0,0.0
2017-06-14,33.40938823857451,33.796743765839665,33.40938823857451,33.651485443115234,20502,0.0,0.0
2017-06-15,33.40939562289661,33.50623452611675,33.07045946162613,33.264137268066406,6834,0.0,0.0
2017-06-16,33.07045938560544,33.40939554609679,32.10207406820885,32.150489807128906,117987,0.0,0.0
2017-06-19,32.29574853917317,33.16729867633964,32.29574853917317,32.925201416015625,13869,0.0,0.0
2017-06-20,32.87678214941742,33.45781557747284,32.87678214941742,33.312557220458984,9246,0.0,0.0
2017-06-21,33.16729694703894,33.4578136442806,32.39258575439453,32.39258575439453,12864,0.0,0.0
2017-06-22,32.39258775384885,32.779943374080844,32.39258775384885,32.586265563964844,7437,0.0,0.0
2017-06-23,32.634830736372294,32.82908583638351,31.663558959960934,31.663558959960938,50049,0.099502,0.0
2017-06-26,31.857809034081555,32.440574310293634,31.857809034081555,32.10062789916992,19899,0.0,0.0
2017-06-27,32.05206530205919,32.634830599651416,31.80925015170718,31.906373977661133,13366,0.0,0.0
2017-06-28,32.05206432275054,33.50897752221704,32.05206432275054,33.41184997558594,11758,0.0,0.0
2017-06-29,33.41184193072221,33.41184193072221,32.87764055287553,33.071895599365234,15778,0.0,0.0
2017-06-30,32.780519462110924,33.023338317871094,32.73195569095889,33.023338317871094,5527,0.0,0.0
2017-07-03,33.60610580444336,33.75179712757901,33.02334051190076,33.60610580444336,15376,0.0,0.0
2017-07-05,33.508974476158926,33.508974476158926,33.12046432495117,33.12046432495117,4020,0.0,0.0
2017-07-06,32.440570818194,33.12046356725365,32.34344328261405,32.92620849609375,13266,0.0,0.0
2017-07-07,32.73098381975274,33.023338317871094,32.73098381975274,33.023338317871094,8743,0.0,0.0
2017-07-10,32.926210029115815,33.02333756921796,32.73195494891153,32.82908248901367,4522,0.0,0.0
2017-07-11,32.829083280406806,32.829083280406806,32.24631802574554,32.53770065307617,14070,0.0,0.0
2017-07-12,32.68339079014154,33.169028484876335,32.68339079014154,32.97477340698242,10653,0.0,0.0
2017-07-13,32.75623644435176,33.07190094592938,32.68339079014154,32.97477340698242,5829,0.0,0.0
2017-07-14,32.877647399902344,32.877647399902344,32.877647399902344,32.877647399902344,1809,0.0,0.0
2017-07-17,32.7086426550198,32.78051643390212,32.58626136723894,32.73195266723633,7537,0.0,0.0
2017-07-18,32.294880664114565,32.73195458977867,32.294880664114565,32.4891357421875,8241,0.0,0.0
2017-07-19,32.63482859418252,32.87764745325763,32.343445963292396,32.39200973510742,12261,0.0,0.0
2017-07-20,32.4891368818544,32.586264424297944,32.44057311063263,32.53770065307617,2713,0.0,0.0
2017-07-21,32.780518718962604,32.926210029115815,32.68339117886046,32.82908248901367,11356,0.0,0.0
2017-07-24,32.78051796696726,32.78051796696726,32.58626289121925,32.63482666015625,5025,0.0,0.0
2017-07-25,32.82908173590426,33.07190058058928,32.53769912228224,32.63482666015625,5929,0.0,0.0
2017-07-26,32.829083280406806,32.829083280406806,32.4891368818544,32.53770065307617,12462,0.0,0.0
2017-07-27,32.63482632167038,32.63482632167038,31.469299602915346,31.566423416137695,9849,0.0,0.0
2017-07-28,31.614994780404203,32.076350637027225,31.614994780404203,31.809249877929688,4623,0.0,0.0
2017-07-31,32.003507759043174,32.634833157267444,31.70726573063462,32.58626937866211,14070,0.0,0.0
2017-08-01,32.14918974379996,32.44057236442815,32.14918974379996,32.34344482421875,4321,0.0,0.0
2017-08-02,32.634828996447716,32.634828996447716,31.90637241024326,32.24631881713867,11959,0.0,0.0
2017-08-03,31.275049074420128,32.10062953412457,31.275049074420128,32.00350570678711,16784,0.0,0.0
2017-08-04,32.950494601865486,32.950494601865486,32.780521392822266,32.780521392822266,5025,0.0,0.0
2017-08-07,32.73195613781257,32.78634741329961,32.39200973510742,32.39200973510742,10854,0.0,0.0
2017-08-08,32.34344368171931,32.44057121849777,32.149188608162376,32.29487991333008,7236,0.0,0.0
2017-08-09,32.052065026191826,32.48913899562417,31.809249877929684,31.809249877929688,12663,0.0,0.0
2017-08-10,31.712114721437604,31.76067848987091,31.566423416137695,31.566423416137695,14572,0.0,0.0
2017-08-11,31.51785936075319,31.51785936075319,31.367312424709436,31.46929931640625,13366,0.0,0.0
2017-08-14,31.76068109300237,32.34344636196594,31.76068109300237,32.24631881713867,9346,0.0,0.0
2017-08-15,31.857811375887135,32.53770424811216,31.809251322944515,32.19776153564453,12462,0.0,0.0
2017-08-16,32.392011725654655,32.44057550045401,31.857810202861785,31.906373977661133,7537,0.0,0.0
2017-08-17,31.7606823799036,32.00350497545517,31.566427282378115,31.809249877929688,21808,0.0,0.0
2017-08-18,31.517863911307753,32.05206543633862,31.517863911307753,31.663558959960938,12060,0.0,0.0
2017-08-21,31.7606823799036,32.052065026191826,31.712118605522228,31.809249877929688,8743,0.0,0.0
2017-08-22,31.712120046124628,32.24632158858715,31.712120046124628,32.19776153564453,9045,0.0,0.0
2017-08-23,31.95493466338116,32.39200859432345,31.95493466338116,32.34344482421875,11557,0.0,0.0
2017-08-24,32.44057006724156,32.90386959279935,32.392006300575765,32.73195266723633,9648,0.0,0.0
2017-08-25,32.87764055287553,33.21758688423251,32.87764055287553,33.071895599365234,12060,0.0,0.0
2017-08-28,33.1204639379195,33.363282779586875,32.82908132791866,33.26615524291992,13266,0.0,0.0
2017-08-29,33.12046434952629,33.2661556563373,32.53769912228224,32.63482666015625,12160,0.0,0.0
2017-08-30,32.78052031368861,33.19331237920447,31.85780863782963,32.24631881713867,23718,0.0,0.0
2017-08-31,32.05206322988557,33.41184883635696,32.05206322988557,33.363285064697266,15577,0.0,0.0
2017-09-01,33.31471976348727,33.460411071777344,33.02333714690712,33.460411071777344,14572,0.0,0.0
2017-09-05,33.46041073208531,33.46041073208531,32.44057158440824,32.63482666015625,13567,0.0,0.0
2017-09-06,32.68338401241969,33.36327664405557,32.44056521540687,33.16902160644531,14673,0.0,0.0
2017-09-07,33.07190428627931,33.60610580444336,32.97477673752221,33.60610580444336,26130,0.0,0.0
2017-09-08,33.41184997558594,33.75179638879479,33.31472242895484,33.41184997558594,21808,0.0,0.0
2017-09-11,33.800362356285795,34.01889935039226,33.75179857981769,33.9946174621582,17889,0.0,0.0
2017-09-12,33.848926132753896,34.33456389743493,33.848926132753896,33.9946174621582,53064,0.0,0.0
2017-09-13,34.04318095087222,35.548658008658194,33.99461717481461,35.45153045654297,22210,0.0,0.0
2017-09-14,35.20871270177135,35.74291425548189,34.965893813721095,35.50009536743164,38793,0.0,0.0
2017-09-15,35.54865677958534,35.54865677958534,33.46041448130771,33.60610580444336,69445,0.0,0.0
2017-09-18,33.751794401777445,34.431687188168866,33.751794401777445,34.14030456542969,27235,0.0,0.0
2017-09-19,34.23743438720703,34.771635897816836,33.946051745056224,34.23743438720703,17788,0.0,0.0
2017-09-20,33.60610083178739,34.62593994283252,33.169026927053764,34.528812408447266,12964,0.0,0.0
2017-09-21,34.431687633268,35.208707970617034,33.4604122115817,33.508975982666016,26431,0.0,0.0
2017-09-22,33.46041255680922,34.23743290217516,33.169029927297,33.84892272949219,18492,0.0,0.0
2017-09-25,33.89747927948835,34.23742560816308,33.89747927948835,34.18886184692383,10251,0.0,0.0
2017-09-26,34.383121859514894,34.86875954207174,34.21314867062,34.72306823730469,8543,0.0,0.0
2017-09-27,34.09174541996541,35.79147761653492,33.946054088830884,35.64578628540039,11758,0.0,0.0
2017-09-28,35.645784742594614,36.37424136673851,35.0630194432795,35.74291229248047,19296,0.0,0.0
2017-09-29,35.305832292935655,35.305832292935655,34.674503326416016,34.674503326416016,10854,0.0,0.0
2017-10-02,34.577376898125415,35.74290733510188,34.577376898125415,35.69434356689453,11859,0.0,0.0
2017-10-03,35.64578401151686,35.64578401151686,35.06301872415398,35.54865646362305,11457,0.0,0.0
2017-10-04,34.86876269393855,36.47136719123921,34.86876269393855,36.3256721496582,19195,0.0,0.0
2017-10-05,35.93716087237142,35.93716087237142,35.694342041710065,35.79146957397461,23416,0.0,0.0
2017-10-06,34.91732104731442,36.617052826102714,34.86875728220618,36.08285140991211,31858,0.0,0.0
2017-10-09,36.27710952215954,37.24838118238858,36.27710952215954,36.374237060546875,21507,0.0,0.0
2017-10-10,36.422808251875445,37.70294529820153,36.277116914605884,36.85987854003906,20401,0.0,0.0
2017-10-11,37.05412766972011,37.05412766972011,36.179983510979575,36.2771110534668,19597,0.0,0.0
2017-10-12,36.228546888571834,36.617057054299266,35.59721786926476,36.42280197143555,15175,0.0,0.0
2017-10-13,36.51993179321289,36.85987824411264,36.27711662335812,36.51993179321289,21406,0.0,0.0
2017-10-16,36.81131558039383,36.81131558039383,36.17998650203394,36.56849670410156,15276,0.0,0.0
2017-10-17,36.3256785926787,36.81132012891539,36.3256785926787,36.76275634765625,10050,0.0,0.0
2017-10-18,36.908442319128916,37.68546278456659,36.66562342367964,36.85987854003906,27135,0.0,0.0
2017-10-19,36.27711405255085,36.95700690616919,36.22855027729239,36.56849670410156,8543,0.0,0.0
2017-10-20,36.957009103703534,37.394079383373864,36.6170626566805,36.66562271118164,15175,0.0,0.0
2017-10-23,36.76274836644705,36.76274836644705,36.325670706359254,36.42280197143555,9447,0.0,0.0
2017-10-24,36.519921191851275,36.66561248565847,36.17997856327846,36.22854232788086,9547,0.0,0.0
2017-10-25,36.42280357378937,36.42280357378937,35.84003829956055,35.84003829956055,10452,0.0,0.0
2017-10-26,35.937165845265355,36.08285716382256,35.69434698100334,35.84003829956055,10753,0.0,0.0
2017-10-27,36.37423933785595,36.95700460466558,36.37423933785595,36.47136688232422,2512,0.0,0.0
2017-10-30,36.37423476756185,36.37423476756185,35.59721450944553,35.79146957397461,12261,0.0,0.0
2017-10-31,36.13141412748675,36.47136423206717,35.402961320553594,36.0342903137207,12964,0.0,0.0
2017-11-01,36.47136423206717,36.81131061300331,35.93716277631038,36.0342903137207,15075,0.0,0.0
2017-11-02,36.51992739584958,36.51992739584958,35.54865566244614,35.84003829956055,7638,0.0,0.0
2017-11-03,35.54865074331326,36.37423476756185,35.40295944491645,35.79146957397461,13165,0.0,0.0
2017-11-06,36.51992464448356,36.51992464448356,36.0342906761912,36.374237060546875,9648,0.0,0.0
2017-11-07,35.20870838776559,35.45152724606405,33.31472129303758,33.363285064697266,20100,0.0,0.0
2017-11-08,33.21759488232374,33.70323261547924,33.16903110900819,33.41184997558594,12964,0.0,0.0
2017-11-09,33.1204639379195,33.363282779586875,32.82908132791866,33.26615524291992,9145,0.0,0.0
2017-11-10,32.66396749450025,33.508974084587294,32.66396749450025,33.26615524291992,7537,0.0,0.0
2017-11-13,33.02333032823763,33.50896792226325,32.974766568835065,33.16902160644531,7236,0.0,0.0
2017-11-14,33.94604330856888,34.14029835505858,32.92620431449796,33.071895599365234,9849,0.0,0.0
2017-11-15,32.97477648887166,33.023340262884005,32.68339384479757,32.780521392822266,9748,0.0,0.0
2017-11-16,33.60610506884814,33.60610506884814,33.21759488232374,33.41184997558594,9045,0.0,0.0
2017-11-17,33.16902845519719,33.70322991892748,32.780518299756984,33.460411071777344,9346,0.0,0.0
2017-11-20,34.18886450103981,34.18886450103981,33.217589200853794,33.6546630859375,6633,0.0,0.0
2017-11-21,33.50897969747717,34.237436344498725,33.50897969747717,33.9946174621582,10753,0.0,0.0
2017-11-22,33.946045675993304,34.48024709109561,33.557535555918896,33.6546630859375,7839,0.0,0.0
2017-11-24,33.07190094592938,33.55753864066418,32.92620963750894,32.97477340698242,4522,0.0,0.0
2017-11-27,33.02333183774281,33.41184193072221,32.974768076120384,33.071895599365234,10753,0.0,0.0
2017-11-28,33.071899030240644,33.80035553014702,33.071899030240644,33.70322799682617,8643,0.0,0.0
2017-11-29,33.80035252762383,34.528808962820605,33.80035252762383,34.38311767578125,10653,0.0,0.0
2017-11-30,34.20829538395284,34.3345604453459,33.800358957906816,33.84892272949219,15175,0.0,0.0
2017-12-01,33.16902927738305,33.217593048016866,32.5862640297773,32.68339157104492,20904,0.0,0.0
2017-12-04,33.07190356237709,33.75179638879479,32.92621224243044,33.41184997558594,12763,0.0,0.0
2017-12-05,33.41184540055744,33.41184540055744,32.73195266723633,32.73195266723633,24924,0.0,0.0
2017-12-06,32.1977628734645,33.82755762351896,32.14919537121413,32.58626937866211,24019,0.0,0.0
2017-12-07,32.63483007078522,33.16903158492105,32.63483007078522,32.780521392822266,17688,0.0,0.0
2017-12-08,32.7805183290885,33.169028484876335,32.5376994817211,32.97477340698242,12763,0.0,0.0
2017-12-11,32.780521392822266,33.46041422899514,32.537702522760526,32.780521392822266,23115,0.0,0.0
2017-12-12,32.731956084693714,33.12046625858339,32.634828541221296,32.877647399902344,17085,0.0,0.0
2017-12-13,32.82908362816613,33.89748660636275,32.6833923129575,32.877647399902344,19195,0.0,0.0
2017-12-14,32.58626437750279,33.26615717363126,32.58626437750279,33.023338317871094,24622,0.0,0.0
2017-12-15,33.07190336786365,34.91732674300063,33.07190336786365,34.8687629699707,71355,0.0,0.0
2017-12-18,34.91732869942764,35.402966456937264,33.94605318440841,34.625946044921875,29446,0.0,0.0
2017-12-19,34.625939563374246,34.625939563374246,33.169026563561495,33.70322799682617,18793,0.0,0.0
2017-12-20,33.800352023701606,33.800352023701606,32.92620431449796,33.071895599365234,9648,0.0,0.0
2017-12-21,33.339002830359306,33.55753980054345,32.92621077556703,33.023338317871094,14070,0.0,0.0
2017-12-22,33.07189979946367,33.31471863841355,32.68338965714387,32.92620849609375,9748,0.0,0.0
2017-12-26,33.55940531606914,33.55940531606914,32.92620849609375,32.92620849609375,13165,0.099502,0.0
2017-12-27,32.87750510902739,33.559409460913606,32.82392765688289,33.31587219238281,27838,0.0,0.0
2017-12-28,33.364579264843385,33.851653796339335,33.364579264843385,33.46199417114258,10552,0.0,0.0
2017-12-29,33.559408433818724,33.85165314711145,33.12104136387964,33.21845626831055,13869,0.0,0.0
2018-01-02,33.31586595288486,33.55940317580525,33.02362128538039,33.26715850830078,14271,0.0,0.0
2018-01-03,33.267164738676655,33.31587219238281,33.07233492385202,33.31587219238281,8944,0.0,0.0
2018-01-04,33.51069920101258,33.754236449149495,33.31586940250304,33.41328430175781,10351,0.0,0.0
2018-01-05,33.802940398725646,33.802940398725646,33.12103617454855,33.26715850830078,10452,0.0,0.0
2018-01-08,33.07233391166419,33.26716372052601,33.07233391166419,33.21845626831055,11758,0.0,0.0
2018-01-09,33.169750079202,33.70553207397461,33.169750079202,33.70553207397461,5628,0.0,0.0
2018-01-10,33.70553509557114,34.143902221501534,33.510705261824306,33.997779846191406,12462,0.0,0.0
2018-01-11,34.09518633864083,34.82579803466797,33.90035655303359,34.82579803466797,5628,0.0,0.0
2018-01-12,34.971923454806344,35.65382776450562,34.82580110272793,35.118045806884766,11959,0.0,0.0
2018-01-16,34.24131393432617,35.06934065026963,34.24131393432617,34.24131393432617,9346,0.0,0.0
2018-01-17,34.290019241554376,34.5822639465332,34.14389688906496,34.5822639465332,4020,0.0,0.0
2018-01-18,34.338729858398445,34.58226713500148,34.241314947757225,34.33872985839844,6633,0.0,0.0
2018-01-19,34.29001612424807,34.82579803466797,34.29001612424807,34.82579803466797,8944,0.0,0.0
2018-01-22,34.82579560829148,35.11804026634111,34.48484350723356,34.7770881652832,19195,0.0,0.0
2018-01-23,34.72838783894528,35.507707086778645,34.72838783894528,35.45899963378906,7135,0.0,0.0
2018-01-24,35.50770848892751,35.99478303805725,35.36158612418859,35.41029357910156,9648,0.0,0.0
2018-01-25,35.45899447242569,35.45899447242569,34.67967533802896,34.971920013427734,10050,0.0,0.0
2018-01-26,34.92321610234183,34.92321610234183,34.48484904487359,34.5822639465332,3819,0.0,0.0
2018-01-29,34.43613676376595,34.58225909575912,34.290014431772775,34.48484420776367,7135,0.0,0.0
2018-01-30,34.241311515379536,34.874508371075265,33.99777426318887,34.192604064941406,7135,0.0,0.0
2018-01-31,34.38743111906684,34.38743111906684,33.65681942087223,33.754234313964844,10150,0.0,0.0
2018-02-01,33.75423639503737,36.38443867069956,33.75423639503737,35.94607162475586,60702,0.0,0.0
2018-02-02,35.60512237611337,35.60512237611337,35.16675529448726,35.3128776550293,16281,0.0,0.0
2018-02-05,35.06934065026963,35.06934065026963,34.095191572689096,34.24131393432617,33869,0.0,0.0
2018-02-06,33.75423977458445,34.1926068644184,33.31587268475049,34.095191955566406,21708,0.0,0.0
2018-02-07,33.9490723877547,34.4361469721218,33.9490723877547,33.997779846191406,7638,0.0,0.0
2018-02-08,34.095189639233425,34.14389709035037,33.51070022583008,33.51070022583008,9748,0.0,0.0
2018-02-09,33.705524095716974,33.949061308421754,33.21844967030743,33.851646423339844,14874,0.0,0.0
2018-02-12,33.9490665334619,33.997773983499336,33.656821833237316,33.80294418334961,8543,0.0,0.0
2018-02-13,33.70553207397461,33.85165443618532,33.46199480362342,33.70553207397461,14371,0.0,0.0
2018-02-14,33.41328671799298,33.60811653059136,33.364579264843385,33.46199417114258,8342,0.0,0.0
2018-02-15,33.60811418771811,33.754236536980486,32.63396519263563,32.87750244140625,30552,0.0,0.0
2018-02-16,32.87750510902739,33.36457964608897,32.68267529420275,33.31587219238281,28341,0.0,0.0
2018-02-20,33.07232980284231,33.12103724900648,32.5365478950365,32.828792572021484,11658,0.0,0.0
2018-02-21,33.1210372018986,34.04647867770148,33.072329755803715,33.36457443237305,11457,0.0,0.0
2018-02-22,33.608120178697725,34.095194763064825,32.974923219020496,33.997779846191406,6532,0.0,0.0
2018-02-23,34.04648411881007,34.43614374984228,33.81268684632618,34.24131393432617,13467,0.0,0.0
2018-02-26,34.192603971930936,35.11804552773808,34.192603971930936,34.72838592529297,17085,0.0,0.0
2018-02-27,34.72838555469513,35.26416750233966,34.72838555469513,34.874507904052734,10251,0.0,0.0
2018-02-28,34.72838755965339,34.72838755965339,33.608116149902344,33.608116149902344,22009,0.0,0.0
2018-03-01,33.60811293145348,34.582261890122474,33.41328313971969,34.38743209838867,19497,0.0,0.0
2018-03-02,34.24131069448561,35.264167129164655,33.900358549592596,35.0206298828125,9949,0.0,0.0
2018-03-05,34.971923553171635,35.21546080732066,34.43614159404379,34.5822639465332,20200,0.0,0.0
2018-03-06,34.77709529193486,35.605121992757816,34.53355802698694,35.45899963378906,17989,0.0,0.0
2018-03-07,35.312879055787896,36.1409057983715,34.92321941221914,35.2641716003418,16784,0.0,0.0
2018-03-08,36.82280189649996,36.82280189649996,35.89736409187268,36.48185348510742,5025,0.0,0.0
2018-03-09,36.43313884662582,36.7253872501949,35.79994579865169,36.33572769165039,24321,0.0,0.0
2018-03-12,36.43314117693261,36.43314117693261,34.24130975458833,34.38743209838867,22311,0.0,0.0
2018-03-13,34.67967975777661,35.41029153938627,34.38743504513274,35.21546173095703,12462,0.0,0.0
2018-03-14,35.166761490727055,35.751251035879875,34.63097940767031,35.36159133911133,9447,0.0,0.0
2018-03-15,35.36158194652959,35.6538266414813,34.971922353260645,35.55641174316406,11959,0.0,0.0
2018-03-16,35.50770449638286,36.481853485107415,34.77709275483944,36.48185348510742,82108,0.0,0.0
2018-03-19,36.33573225443453,36.33573225443453,35.99478009789373,36.043487548828125,25627,0.0,0.0
2018-03-20,36.092194999762526,36.238313617904566,35.55641303948413,36.043487548828125,16884,0.0,0.0
2018-03-21,36.140904235418986,36.140904235418986,35.751244608701484,35.84865951538086,14572,0.0,0.0
2018-03-22,35.45899963378906,36.04348906966409,35.45899963378906,35.45899963378906,11155,0.0,0.0
2018-03-23,35.60512031381282,35.897365017969655,35.118045806884766,35.118045806884766,12663,0.0,0.0
2018-03-26,35.36158323574652,36.092194999762526,34.92321617733692,36.043487548828125,9949,0.0,0.0
2018-03-27,36.0921967820793,36.48185640879681,35.60512224868242,35.84865951538086,13065,0.0,0.0
2018-03-28,34.143895437627414,35.3128742078501,33.9490656425903,35.166751861572266,6231,0.0,0.0
2018-03-29,35.31287469863795,36.481853485107415,35.31287469863795,36.48185348510742,9648,0.0,0.0
2018-04-02,36.09219652265367,36.09219652265367,35.36158472780989,35.45899963378906,15075,0.0,0.0
2018-04-03,35.70253629006787,36.67668533325195,35.45899902927185,36.67668533325195,12663,0.0,0.0
2018-04-04,36.33572981307596,36.33572981307596,35.99477767944337,35.99477767944336,6934,0.0,0.0
2018-04-05,34.14389817401359,36.53056335449219,34.14389817401359,36.53056335449219,8241,0.0,0.0
2018-04-06,36.043485127105164,36.28702236541416,35.50770320282537,35.99477767944336,6633,0.0,0.0
2018-04-09,35.84865774509053,36.33573225443453,35.84865774509053,36.043487548828125,10050,0.0,0.0
2018-04-10,36.3357303991339,36.4818527444761,35.9460708115547,36.238311767578125,5326,0.0,0.0
2018-04-11,35.65382346419751,36.384435136468454,35.65382346419751,36.33572769165039,5728,0.0,0.0
2018-04-12,36.53055887038295,36.53055887038295,35.65382483007073,36.28702163696289,3417,0.0,0.0
2018-04-13,36.3357320742049,36.3357320742049,34.82580110272793,35.118045806884766,18693,0.0,0.0
2018-04-16,35.45899925514044,35.946073779835075,35.26416944526259,35.60512161254883,16482,0.0,0.0
2018-04-17,35.799948988957155,35.848656438115775,35.41028939568821,35.55641174316406,11055,0.0,0.0
2018-04-18,34.82580311988917,35.79995219016942,34.82580311988917,35.3128776550293,7236,0.0,0.0
2018-04-19,35.3615795806261,36.384435944521805,34.825797675728346,34.971920013427734,23718,0.0,0.0
2018-04-20,35.16675454032366,35.70253651748776,35.16675454032366,35.60512161254883,14271,0.0,0.0
2018-04-23,35.653830853666435,35.653830853666435,35.020633939797776,35.41029357910156,10653,0.0,0.0
2018-04-24,35.70253379792433,35.70253379792433,34.97192206653515,35.166751861572266,8543,0.0,0.0
2018-04-25,34.67967975777661,35.556413895708204,34.630972305669296,35.21546173095703,10954,0.0,0.0
2018-04-26,35.31287689773205,36.043488684774005,35.31287689773205,35.60512161254883,10653,0.0,0.0
2018-04-27,35.653829445747405,35.89736671069533,35.41029218079948,35.45899963378906,12160,0.0,0.0
2018-04-30,35.45899899149359,36.18961077310325,35.11804682674241,35.21546173095703,14974,0.0,0.0
2018-05-01,35.26416393781153,36.04348305561123,34.635837152153385,35.79994583129883,8040,0.0,0.0
2018-05-02,35.799948988957155,36.28702348054333,35.50770429400544,35.55641174316406,7939,0.0,0.0
2018-05-03,35.556415943840484,35.702538308579406,35.1667563045367,35.41029357910156,9346,0.0,0.0
2018-05-04,35.361584490584306,37.84079084339323,35.361584490584306,36.53056335449219,20301,0.0,0.0
2018-05-07,36.04349350541998,36.871520308145506,36.04349350541998,36.62797927856445,4522,0.0,0.0
2018-05-08,36.43314388488478,36.87151468352938,36.14090291022374,36.82280349731445,14271,0.0,0.0
2018-05-09,36.33572316789128,36.43313431073913,35.857414027916896,36.092185974121094,34773,0.0,0.0
2018-05-10,36.33572421868118,37.50469904792337,35.99477213754294,36.18960189819336,49245,0.0,0.0
2018-05-11,36.38443970536893,36.55978578180054,35.55641303948413,36.043487548828125,27738,0.0,0.0
2018-05-14,35.99477767944337,36.92021918501755,35.88859380028984,35.99477767944336,17688,0.0,0.0
2018-05-15,35.994779074305164,36.16525514772771,35.89736417520656,35.94607162475586,16784,0.0,0.0
2018-05-16,36.04349242163612,37.11505275239862,36.04349242163612,37.066349029541016,46230,0.0,0.0
2018-05-17,37.01762598183217,37.45599295911117,36.7253850649733,37.21245574951172,26833,0.0,0.0
2018-05-18,37.4559988619494,37.650828660332955,37.163754164374076,37.407291412353516,13165,0.0,0.0
2018-05-21,37.7482431875771,38.08919533138879,37.35858359464946,37.55341339111328,11758,0.0,0.0
2018-05-22,37.45600345854406,37.699540736410356,36.28702825944737,37.11505126953125,31758,0.0,0.0
2018-05-23,37.21246326986165,38.040489949837536,36.920222293943155,37.74824523925781,11356,0.0,0.0
2018-05-24,37.69954043835266,38.430152266175234,37.261173341659116,38.186614990234375,13567,0.0,0.0
2018-05-25,38.43014907836914,38.771101236404135,38.04048946918629,38.43014907836914,17989,0.0,0.0
2018-05-29,38.040485793142906,38.57626770399403,37.21245920364572,37.35858154296875,10954,0.0,0.0
2018-05-30,37.55340922404221,37.99177621744292,37.407286892908644,37.69953155517578,16683,0.0,0.0
2018-05-31,37.74824003420097,38.04048470448345,37.74824003420097,37.79694747924805,8140,0.0,0.0
2018-06-01,38.04048542742873,38.08919287340147,37.30987373783753,37.504703521728516,8543,0.0,0.0
2018-06-04,37.50470491482298,37.84565704929671,37.115045332567284,37.455997467041016,60300,0.0,0.0
2018-06-05,37.407288989409764,37.82130228415836,37.16375175720471,37.35858154296875,16985,0.0,0.0
2018-06-06,37.50470491482298,37.6021198103869,37.06634161944625,37.455997467041016,16985,0.0,0.0
2018-06-07,37.60211633325136,37.74823866308505,37.16374934375029,37.309871673583984,14974,0.0,0.0
2018-06-08,37.309873063989535,37.602117734547825,37.06633957318501,37.261165618896484,12361,0.0,0.0
2018-06-11,37.30988109182428,37.57777209747721,36.87151772632647,37.11505126953125,19899,0.0,0.0
2018-06-12,37.21246516242083,37.456002433623134,36.82280552849714,37.017635345458984,37788,0.0,0.0
2018-06-13,37.01762632268298,37.74823795820865,37.01762632268298,37.602115631103516,22009,0.0,0.0
2018-06-14,37.650828575786,38.18661052013764,37.2611689798939,37.94307327270508,22612,0.0,0.0
2018-06-15,37.74774110464788,38.138403677055024,37.74774110464788,37.991905212402344,22813,0.099502,0.0
2018-06-18,37.6012449952146,38.577901487407026,37.40591369677611,37.65007781982422,24321,0.0,0.0
2018-06-19,37.60124030778014,37.79657158186829,37.21057775960382,37.69890594482422,20904,0.0,0.0
2018-06-20,37.6500760850175,37.94307301917478,36.91758374962431,37.1129150390625,26230,0.0,0.0
2018-06-21,37.16175070785356,37.796573638916016,36.96641942313465,37.796573638916016,20803,0.0,0.0
2018-06-22,37.84540946956053,39.945220947265625,37.84540946956053,39.945220947265625,93264,0.0,0.0
2018-06-25,39.16389774535748,41.26370933024624,38.04074271157977,40.04288864135742,52762,0.0,0.0
2018-06-26,40.189382458883465,40.91601499833434,38.52906651472238,38.82206344604492,20200,0.0,0.0
2018-06-27,38.773230357216626,38.87089600031841,37.89423956930056,37.991905212402344,9346,0.0,0.0
2018-06-28,37.796570975234296,38.43139760583186,37.16174808891045,37.30824279785156,17889,0.0,0.0
2018-06-29,37.454745687545035,37.796575452202354,36.91758462879781,37.064083099365234,21205,0.0,0.0
2018-07-02,36.96642201956376,37.74774346904346,36.819923545734895,37.65007781982422,11859,0.0,0.0
2018-07-03,38.040747701927025,38.28491187173528,38.040747701927025,38.08958053588867,3115,0.0,0.0
2018-07-05,38.138405082868495,39.21272719658854,37.79657531941211,38.968563079833984,10753,0.0,0.0
2018-07-06,41.019535799467256,41.16603424858746,38.773226246290854,39.06622314453125,20100,0.0,0.0
2018-07-09,39.26156359907063,39.40806208247834,38.57790400983464,38.77323532104492,13366,0.0,0.0
2018-07-10,38.82206110601744,39.261556476510364,38.48023137341184,39.16389083862305,10251,0.0,0.0
2018-07-11,39.115061228803555,39.70105510420425,39.0662284058535,39.408058166503906,10854,0.0,0.0
2018-07-12,39.554561751113944,40.53121833643026,39.554561751113944,40.38471984863281,19999,0.0,0.0
2018-07-13,40.48238019538299,40.873042778249825,40.335881726807926,40.677711486816406,11658,0.0,0.0
2018-07-16,40.62887809506588,41.50786514993443,40.18938269549457,40.28704833984375,14271,0.0,0.0
2018-07-17,40.18938604608193,40.67771430853973,39.21272952116633,39.26156234741211,33065,0.0,0.0
2018-07-18,39.16388877727805,39.505718491891855,38.91972469541105,39.06622314453125,18793,0.0,0.0
2018-07-19,38.96856423921175,39.50572531205319,38.87089858960422,39.11506271362305,12462,0.0,0.0
2018-07-20,39.11506430971745,39.26156279010663,38.089574946993146,38.18724060058594,18090,0.0,0.0
2018-07-23,38.28489976708869,39.06622486344132,37.405909033691984,37.69890594482422,32361,0.0,0.0
2018-07-24,37.9430760847593,38.04074173736922,36.917586732355126,37.1617546081543,13969,0.0,0.0
2018-07-25,37.16175365237955,37.99190793393851,37.11291708305627,37.2105827331543,8743,0.0,0.0
2018-07-26,37.48893174517701,37.74774346904346,37.40591369677611,37.65007781982422,3819,0.0,0.0
2018-07-27,37.74774143930112,37.74774143930112,36.38042616802818,36.91758346557617,15175,0.0,0.0
2018-07-30,37.015258533483326,37.308251766069446,36.673428727145804,36.81992721557617,8743,0.0,0.0
2018-07-31,36.917585643445356,36.917585643445356,36.28276266447978,36.380428314208984,9547,0.0,0.0
2018-08-01,36.47809465670929,36.47809465670929,35.15960836032509,35.50143814086914,11457,0.0,0.0
2018-08-02,35.40377214899008,36.38042865544277,35.40377214899008,35.94093322753906,13969,0.0,0.0
2018-08-03,35.89209297076639,36.28275549246088,34.81777103610655,34.86660385131836,12663,0.0,0.0
2018-08-06,34.8177792745953,35.403773195793335,34.329451006930285,34.6224479675293,10251,0.0,0.0
2018-08-07,34.622442978231184,35.013105536066426,34.47594451904297,34.47594451904297,6733,0.0,0.0
2018-08-08,34.768945681692315,36.13626480102539,34.768945681692315,36.13626480102539,15276,0.0,0.0
2018-08-09,36.23392906727575,38.08957262830266,36.23392906727575,37.89424133300781,13869,0.0,0.0
2018-08-10,37.79657824844986,38.675569136883475,37.40591563136825,38.382572174072266,6733,0.0,0.0
2018-08-13,38.28490155669552,38.28490155669552,37.015251960047195,37.60124206542969,21306,0.0,0.0
2018-08-14,37.25941439345513,38.38256933447206,36.771089902504535,37.064083099365234,10854,0.0,0.0
2018-08-15,36.91758057570625,36.91758057570625,36.0385935930777,36.233924865722656,5226,0.0,0.0
2018-08-16,36.526922156988185,36.526922156988185,36.13626331183795,36.42926025390625,5326,0.0,0.0
2018-08-17,36.136258354483175,37.015249060103685,35.79442863563075,36.28275680541992,9447,0.0,0.0
2018-08-20,36.38042616802818,36.966420031834026,36.20951129108481,36.91758346557617,7839,0.0,0.0
2018-08-21,36.86875630077835,37.25941893659265,36.282766091331496,36.81992721557617,9949,0.0,0.0
2018-08-22,36.819922726027016,37.40591286402256,36.57575860841464,37.064083099365234,4422,0.0,0.0
2018-08-23,37.064080235142896,37.50357561288204,36.8199198806728,37.01525115966797,6834,0.0,0.0
2018-08-24,37.01525429768246,37.60124444007216,37.01525429768246,37.25941467285156,4020,0.0,0.0
2018-08-27,37.55240843263083,38.18723508936514,36.96641833991918,37.01525115966797,5527,0.0,0.0
2018-08-28,37.11291948160115,37.21058513801115,36.526925543141196,36.86875534057617,6130,0.0,0.0
2018-08-29,36.81992695863391,37.03478841141271,36.49860454658319,36.624595642089844,11256,0.0,0.0
2018-08-30,36.33158675777139,36.6734202291738,36.13625922940018,36.233924865722656,8140,0.0,0.0
2018-08-31,36.08743244069352,36.52692413330078,35.79443548277243,36.52692413330078,6231,0.0,0.0
2018-09-04,36.81992456368569,36.81992456368569,35.892100870451586,36.33159255981445,10050,0.0,0.0
2018-09-05,36.18509117146209,36.57575370729343,36.18509117146209,36.28275680541992,3115,0.0,0.0
2018-09-06,36.47809610870973,36.47809610870973,35.64793803720139,35.84326934814453,6331,0.0,0.0
2018-09-07,35.84326145260967,36.28275680541992,35.70555081193588,36.28275680541992,8140,0.0,0.0
2018-09-10,36.5757581590818,36.624590982004364,35.696767346475646,36.038597106933594,7135,0.0,0.0
2018-09-11,35.74560016939821,36.673423804926934,35.74560016939821,36.038597106933594,3919,0.0,0.0
2018-09-12,35.94093114616209,36.47809219360351,35.59910138869937,36.478092193603516,6231,0.0,0.0
2018-09-13,36.81992590286022,36.81992590286022,35.84326934814453,35.84326934814453,3115,0.0,0.0
2018-09-14,36.038601692457654,37.01525827517797,36.038601692457654,36.624595642089844,9849,0.0,0.0
2018-09-17,36.771090019652604,36.9664213143648,36.33159086227599,36.42926025390625,6130,0.0,0.0
2018-09-18,36.86875661027349,38.28490867698826,36.86875661027349,37.84541320800781,13567,0.0,0.0
2018-09-19,37.84540846051134,38.675566464446796,37.01525420085005,38.52906799316406,8543,0.0,0.0
2018-09-20,37.35707936681532,38.82206404607054,37.35707936681532,38.57789993286133,4924,0.0,0.0
2018-09-21,38.52906735340286,39.603389458304136,38.18723759275245,39.408058166503906,33768,0.0,0.0
2018-09-24,38.96856303712416,40.33588208945108,38.96856303712416,39.603389739990234,16784,0.0,0.0
2018-09-25,39.84755270567383,39.84755270567383,38.82206344604492,38.82206344604492,13065,0.0,0.0
2018-09-26,38.28490359627153,39.017395947364605,38.08957230264671,38.333736419677734,6934,0.0,0.0
2018-09-27,38.48023856205868,38.48023856205868,37.357083516533486,37.50358200073242,16482,0.0,0.0
2018-09-28,39.06623125250359,42.43569253730696,39.06623125250359,41.55670166015625,32260,0.0,0.0
2018-10-01,41.958112055091796,41.958112055091796,40.22845566578667,40.628883361816406,24622,0.0,0.0
2018-10-02,40.68748354170702,41.36137436632782,40.62888564192251,40.92188262939453,13065,0.0,0.0
2018-10-03,41.166040762022995,42.33802479614642,41.166040762022995,41.83993148803711,31356,0.0,0.0
2018-10-04,41.95029513053453,42.30872702094649,41.8106336990582,41.98643112182617,14974,0.0,0.0
2018-10-05,42.2110595703125,42.48452263232253,41.81063191639862,42.2110595703125,16281,0.0,0.0
2018-10-08,41.97666818177953,43.18772006776927,41.97666818177953,43.16818618774414,11457,0.0,0.0
2018-10-09,43.17795005755107,43.2170140688554,40.267514595182845,42.76775360107422,40200,0.0,0.0
2018-10-10,42.81658950733984,43.217017181626474,41.07814165582025,41.54693603515625,27034,0.0,0.0
2018-10-11,41.27346445836949,41.556692543418635,40.257740392115856,40.83396911621094,12462,0.0,0.0
2018-10-12,40.85351132746398,40.89257908578142,39.63269068347302,40.208919525146484,18492,0.0,0.0
2018-10-15,40.04288713989131,40.90234412378756,40.04288713989131,40.33588409423828,8241,0.0,0.0
2018-10-16,40.61911425349075,40.89258108654417,40.5507512895019,40.560516357421875,10150,0.0,0.0
2018-10-17,40.453078696238904,40.453078696238904,39.77918796753453,39.93545150756836,14371,0.0,0.0
2018-10-18,39.79872049890734,40.345646614786325,38.284902997010285,38.57789993286133,20502,0.0,0.0
2018-10-19,38.538840693451355,38.538840693451355,37.84541227950779,38.275142669677734,11959,0.0,0.0
2018-10-22,38.382573690759386,38.63650664846124,37.69891408385177,38.343509674072266,24723,0.0,0.0
2018-10-23,37.84540738440671,37.884475140014246,37.318015149349385,37.493812561035156,27537,0.0,0.0
2018-10-24,37.39614459550894,37.796572216402595,36.52691891351444,36.94688415527344,13768,0.0,0.0
2018-10-25,37.151981649159694,38.23606877440654,37.112913894767004,37.85517501831055,25828,0.0,0.0
2018-10-26,37.7379764051022,38.80252967870153,37.11291478546157,37.17151641845703,21205,0.0,0.0
2018-10-29,37.601243534821236,38.255604108030326,37.4352111887422,37.81610870361328,18391,0.0,0.0
2018-10-30,37.9430715112619,38.48999760224355,37.425444363676775,38.04073715209961,16281,0.0,0.0
2018-10-31,37.80634219745665,38.23606877440654,37.112913894767004,37.85517501831055,7738,0.0,0.0
2018-11-01,38.01144343669963,38.44117381319917,37.132452548266016,38.382572174072266,22009,0.0,0.0
2018-11-02,38.626736360015,40.43355096636872,38.626736360015,40.22845458984375,30351,0.0,0.0
2018-11-05,40.33588365914648,42.552890927704865,40.1044163672511,41.53717041015625,25225,0.0,0.0
2018-11-06,41.42973775943066,43.22678730298306,41.045912185908726,43.031455993652344,13467,0.0,0.0
2018-11-07,43.416259647617714,43.43188450518026,42.96309010273536,43.23655319213867,15276,0.0,0.0
2018-11-08,43.158425354930586,44.769905090332024,43.15354282051381,44.76990509033203,8844,0.0,0.0
2018-11-09,44.61363574894725,44.974999413139706,44.310873722995794,44.418304443359375,11356,0.0,0.0
2018-11-12,44.39876700230429,45.76608603173396,44.144837823119836,45.24845886230469,17085,0.0,0.0
2018-11-13,44.84802920209521,44.84802920209521,43.490475300403276,43.754173278808594,6834,0.0,0.0
2018-11-14,44.08624270583634,44.08624270583634,42.9923866646601,43.32444763183594,5427,0.0,0.0
2018-11-15,43.04121874150833,43.56372846809521,42.045028368760946,42.73845672607422,10753,0.0,0.0
2018-11-16,42.40638818012829,42.865417439599774,41.927828787964586,42.61148452758789,7236,0.0,0.0
2018-11-19,42.582185613986766,42.582185613986766,41.8203943659674,42.3575553894043,4924,0.0,0.0
2018-11-20,41.92782735789351,41.92782735789351,41.12696838378906,41.12696838378906,3618,0.0,0.0
2018-11-21,41.371139174372686,41.81063461303711,41.05860833580089,41.81063461303711,1809,0.0,0.0
2018-11-23,41.51763497618628,42.48452263232253,41.02930674249904,42.2110595703125,4522,0.0,0.0
2018-11-26,42.34779335011101,42.34779335011101,40.68747734080695,41.517635345458984,6432,0.0,0.0
2018-11-27,41.312537896138146,42.18566516825904,40.013585566010924,40.48237991333008,6934,0.0,0.0
2018-11-28,40.6581784443927,41.16604056141159,40.53121385120653,40.882808685302734,5226,0.0,0.0
2018-11-29,40.72654016239278,41.7813282798668,40.277275991281115,40.8632698059082,7638,0.0,0.0
2018-11-30,40.677714850170865,41.498104095458984,40.35541894151216,41.498104095458984,19195,0.0,0.0
2018-12-03,42.18176223313795,42.18176223313795,40.794909247743774,41.41020584106445,20703,0.0,0.0
2018-12-04,41.26371077541749,41.97178305549723,40.296819258244504,40.38471984863281,10452,0.0,0.0
2018-12-06,40.56051018352691,40.56051018352691,39.36898860920573,40.39447784423828,14371,0.0,0.0
2018-12-07,40.384706237761606,40.7070020534376,39.3494521039482,39.52524948120117,11256,0.0,0.0
2018-12-10,39.564324758284,39.564324758284,34.407582749566885,34.749412536621094,19497,0.0,0.0
2018-12-11,35.110774940431504,35.159607765397226,32.34683779622671,32.88399887084961,22612,0.0,0.0
2018-12-12,33.31373048621436,33.518826861105296,31.8292118023449,32.39567184448242,24823,0.0,0.0
2018-12-13,32.4737966412801,33.82158162279078,32.4737966412801,33.294189453125,17587,0.0,0.0
2018-12-14,33.343029553307574,34.40758293502105,33.11839929803037,33.73369216918945,19095,0.0,0.0
2018-12-17,33.09885707384985,34.64197326869438,32.849810467867016,33.909481048583984,43215,0.0,0.0
2018-12-18,34.07551419015909,34.44176030905811,32.68866147107343,33.352787017822266,49747,0.0,0.0
2018-12-19,33.421158999642046,33.7043871298632,32.63983382230233,33.18675994873047,42411,0.0,0.0
2018-12-20,33.05002653261618,34.75917141950202,32.991424904412185,34.5833740234375,40401,0.0,0.0
2018-12-21,34.61267788538518,35.174251567567744,34.348979910194345,34.72987365722656,40903,0.0,0.0
2018-12-24,34.62213977226858,35.42525724646012,34.524198708460666,34.73966979980469,6331,0.099502,0.0
2018-12-26,34.93555552571891,35.7190803620509,34.786683891850814,35.33711242675781,7035,0.0,0.0
2018-12-27,34.94535013598651,35.229380768512115,33.42726340351112,33.78964614868164,19195,0.0,0.0
2018-12-28,33.848418542251586,33.848418542251586,32.64374381969342,32.99633026123047,14974,0.0,0.0
2018-12-31,32.898380671902,35.42525953006924,32.898380671902,34.50461196899414,17386,0.0,0.0
2019-01-02,34.13243399571293,35.08246305288202,34.13243399571293,34.90616989135742,7638,0.0,0.0
2019-01-03,34.788638162807516,35.74845977731835,34.788638162807516,35.41545867919922,8543,0.0,0.0
2019-01-04,35.76804909969288,35.76804909969288,35.21958061540109,35.258758544921875,7638,0.0,0.0
2019-01-07,35.34690468882918,37.26655197143555,34.29893821219289,37.26655197143555,10954,0.0,0.0
2019-01-08,37.25675809635962,38.392873116360725,37.25675809635962,37.462432861328125,9547,0.0,0.0
2019-01-09,37.6583140116531,38.50844210816485,36.8454038247325,37.207786560058594,5628,0.0,0.0
2019-01-10,37.021698553993424,37.485942431675966,35.41057077651299,37.295936584472656,10954,0.0,0.0
2019-01-11,37.14901886205947,37.78563578357166,36.527090847374666,37.38407516479492,9045,0.0,0.0
2019-01-14,36.923760208499836,38.21657943725586,36.64364587109139,38.21657943725586,10251,0.0,0.0
2019-01-15,38.29493332832067,38.457517628442396,37.178407237528596,37.85419845581055,4924,0.0,0.0
2019-01-16,37.932544571835415,39.0588668456719,37.80522193532487,38.52998733520508,11457,0.0,0.0
2019-01-17,38.51039792666633,39.362485953230525,38.14801523090534,39.28413009643555,7738,0.0,0.0
2019-01-18,39.25475089469755,40.322310082157834,38.417355479493985,39.783634185791016,19999,0.0,0.0
2019-01-22,39.86198747722318,39.86198747722318,37.893373372106424,38.26554870605469,14271,0.0,0.0
2019-01-23,38.33411096387299,39.186195373535156,37.37428911109428,39.186195373535156,2713,0.0,0.0
2019-01-24,39.10784127367294,40.2478763116146,37.85419623848803,39.117637634277344,7638,0.0,0.0
2019-01-25,39.21557592660308,40.15972498858056,39.16660539155895,39.51919174194336,3618,0.0,0.0
2019-01-28,39.27434286475844,40.106842041015625,38.89531118724921,40.106842041015625,4623,0.0,0.0
2019-01-29,40.0774601930044,40.625928732840165,39.38207628000403,40.263545989990234,7537,0.0,0.0
2019-01-30,40.44963609856772,41.07645675917436,39.536824780193385,39.803226470947266,10653,0.0,0.0
2019-01-31,39.81301658917394,41.517189025878906,39.491768063755956,41.517189025878906,8140,0.0,0.0
2019-02-01,41.62492345171002,42.19298469562908,39.70821990116632,40.90016174316406,15276,0.0,0.0
2019-02-04,40.56422681971338,42.437840017734516,40.54072156081964,41.389869689941406,8844,0.0,0.0
2019-02-05,41.95792671059594,42.35948363982233,41.30074446171812,41.85019302368164,6030,0.0,0.0
2019-02-06,41.62492298650246,42.535774230957024,41.14599398451888,42.53577423095703,6834,0.0,0.0
2019-02-07,42.55535879015016,42.55535879015016,41.96771240234375,41.96771240234375,3517,0.0,0.0
2019-02-08,42.14401158191603,42.15968050097103,41.29192352294922,41.29192352294922,8241,0.0,0.0
2019-02-11,41.48780742455025,42.3203065539265,40.51819304441205,41.076454162597656,6934,0.0,0.0
2019-02-12,41.13522339541707,41.918752032256805,40.55736952381433,41.722869873046875,4723,0.0,0.0
2019-02-13,41.62491786513713,41.62491786513713,40.70427412841065,41.40945053100586,4623,0.0,0.0
2019-02-14,40.998099332292675,41.370274637983925,40.219470849203894,41.33110046386719,6934,0.0,0.0
2019-02-15,41.38006893607322,41.60533262922946,40.56421883274471,41.26253890991211,5527,0.0,0.0
2019-02-19,41.468217432082774,41.55636589847354,40.81201525609951,40.821807861328125,12562,0.0,0.0
2019-02-20,40.85119297182824,41.41925048547935,40.126431231940145,40.978515625,7839,0.0,0.0
2019-02-21,40.54757235476911,41.33110090343451,40.183229627126444,40.87077713012695,8844,0.0,0.0
2019-02-22,41.380073519978495,42.03627570863944,41.13522083619953,41.820804595947266,6331,0.0,0.0
2019-02-25,41.68368961276705,41.76204172111121,41.664100646972656,41.664100646972656,3417,0.0,0.0
2019-02-26,41.850189960376,42.134216820920926,40.90995340089958,41.52698516845703,4522,0.0,0.0
2019-02-27,41.74244878791524,42.11462783813477,41.14500979438688,42.114627838134766,2713,0.0,0.0
2019-02-28,42.12442472712319,42.12442472712319,41.6543083190918,41.6543083190918,3216,0.0,0.0
2019-03-01,42.10483544006244,42.10483544006244,40.74345676374718,41.076454162597656,6030,0.0,0.0
2019-03-04,40.79242818451725,43.54457092285157,40.567160705468424,43.54457092285156,12261,0.0,0.0
2019-03-05,43.46621331545902,44.64150618233398,43.46621331545902,44.49459457397461,4723,0.0,0.0
2019-03-06,44.62191381416212,44.63660647581096,43.56415106560371,44.03426742553711,8342,0.0,0.0
2019-03-07,43.60333149936737,43.60333149936737,43.29971568306192,43.34868621826172,3417,0.0,0.0
2019-03-08,43.33888881046664,44.210565817880784,43.32909620559675,43.38785934448242,3015,0.0,0.0
2019-03-11,43.2899202248498,43.29482028233844,42.2811279296875,42.2811279296875,4321,0.0,0.0
2019-03-12,42.05586211077474,43.5837412624896,42.05586211077474,43.39765548706055,8543,0.0,0.0
2019-03-13,43.387863933390214,43.387863933390214,42.532839520589846,43.358482360839844,4321,0.0,0.0
2019-03-14,42.84918325592801,43.50538915942299,42.84918325592801,43.39765548706055,8040,0.0,0.0
2019-03-15,43.270331246625716,43.270331246625716,42.05684421312921,42.13421630859375,28341,0.0,0.0
2019-03-18,41.98730383408171,41.98730383408171,37.95213473783981,38.040283203125,17587,0.0,0.0
2019-03-19,38.40266375500134,39.45063400268555,38.395811184042564,39.45063400268555,11256,0.0,0.0
2019-03-20,40.488804436637366,40.488804436637366,39.137218475341804,39.1372184753418,6030,0.0,0.0
2019-03-21,39.176396425592074,40.15874336667011,39.1470148567105,39.28413009643555,6432,0.0,0.0
2019-03-22,39.009898847445804,39.469242633084534,37.780739124033,37.99131393432617,10854,0.0,0.0
2019-03-25,38.099045571019815,38.5006062043817,37.91883610786053,38.069664001464844,6834,0.0,0.0
2019-03-26,38.206785333283285,39.832605666203136,38.206785333283285,39.0098991394043,16381,0.0,0.0
2019-03-27,38.75525588008849,39.24202124300445,38.343902595119445,38.931549072265625,7336,0.0,0.0
2019-03-28,38.72587557303903,39.05887300140647,38.23617015941011,38.8825798034668,6834,0.0,0.0
2019-03-29,38.81401625716383,39.48981115960915,38.74546051025391,38.745460510253906,6231,0.0,0.0
2019-04-01,39.538780954221046,39.538780954221046,39.215576171875,39.215576171875,1005,0.0,0.0
2019-04-02,39.21067560318667,39.47022093909281,38.627929243982116,39.088253021240234,10150,0.0,0.0
2019-04-03,39.08825058154151,39.88157169242509,38.33410364308242,38.441837310791016,5829,0.0,0.0
2019-04-04,38.30472640090439,38.72587226973492,37.98152160644531,37.98152160644531,6934,0.0,0.0
2019-04-05,38.13822581389314,38.343900568087975,37.83460998535156,37.83460998535156,5728,0.0,0.0
2019-04-08,37.868886546378086,38.05987238569872,37.53098910063132,38.030487060546875,5728,0.0,0.0
2019-04-09,37.95213499816203,38.86298620807925,37.95213499816203,38.471221923828125,3216,0.0,0.0
2019-04-10,38.28513918695358,40.01869327878713,37.92275644423028,39.528987884521484,8342,0.0,0.0
2019-04-11,39.28413009643555,39.80224073951852,38.11863366202376,39.28413009643555,10552,0.0,0.0
2019-04-12,39.11763325998215,39.666101728158075,38.17544050457415,38.69648742675781,18793,0.0,0.0
2019-04-15,38.75525125738102,39.05886706575796,37.903163216188986,38.52019119262695,9346,0.0,0.0
2019-04-16,38.70628003143367,38.93154373247617,38.56916103697315,38.69648742675781,4723,0.0,0.0
2019-04-17,38.15291701097895,39.07846097004684,38.15291701097895,38.774845123291016,7738,0.0,0.0
2019-04-18,38.68669242424354,39.96971893310547,38.68669242424354,39.96971893310547,7537,0.0,0.0
2019-04-22,39.969719930215554,39.969719930215554,39.34289932250976,39.342899322509766,1809,0.0,0.0
2019-04-23,39.41146006926464,39.41146006926464,38.69649097225968,38.85319519042969,4824,0.0,0.0
2019-04-24,39.18619134132235,39.435944078627884,39.019694522896394,39.195987701416016,3417,0.0,0.0
2019-04-25,38.86298755592806,39.45063400268555,38.86298755592806,39.45063400268555,2111,0.0,0.0
2019-04-26,39.18619012916949,39.685691833496094,39.18619012916949,39.685691833496094,1407,0.0,0.0
2019-04-29,40.69448670289015,40.69448670289015,39.73466491699219,39.73466491699219,2010,0.0,0.0
2019-04-30,40.390867375843406,40.75325010733731,39.57795719751933,40.45942687988281,5728,0.0,0.0
2019-05-01,40.00889056141725,40.103891581575134,39.17639160156251,39.1763916015625,4020,0.0,0.0
2019-05-02,38.990306727335756,39.58774948120117,38.990306727335756,39.58774948120117,3015,0.0,0.0
2019-05-03,39.34290236265223,40.067664098332166,39.2253723162401,39.372283935546875,1708,0.0,0.0
2019-05-06,39.20578233390189,39.80126513342189,38.676902770996094,38.676902770996094,2010,0.0,0.0
2019-05-07,42.545571004395185,42.545571004395185,39.66610563091103,39.72486877441406,4020,0.0,0.0
2019-05-08,40.35168950391482,40.35168950391482,39.215574630377375,39.27433776855469,3316,0.0,0.0
2019-05-09,39.08433268027796,39.08433268027796,38.23616467759896,38.951133728027344,2412,0.0,0.0
2019-05-10,38.58875246916073,38.84340151018344,38.58875246916073,38.59854507446289,4623,0.0,0.0
2019-05-13,38.305705162097475,38.349779399412974,37.88357925415039,37.88357925415039,3919,0.0,0.0
2019-05-14,36.35667478504268,37.64851760864258,36.35667478504268,37.64851760864258,5326,0.0,0.0
2019-05-15,37.49181566355085,37.766049916647354,37.462430337820265,37.70728302001953,3015,0.0,0.0
2019-05-16,38.14801746784118,39.049076080322266,38.14801746784118,39.049076080322266,1809,0.0,0.0
2019-05-17,38.79442545101233,39.84239562841227,38.6671028137207,38.6671028137207,4221,0.0,0.0
2019-05-20,39.02360872485198,39.02360872485198,38.36348653611167,38.83360290527344,2713,0.0,0.0
2019-05-21,38.75525080288533,39.08531189725548,38.43204603376368,38.83360290527344,3316,0.0,0.0
2019-05-22,38.9021664971319,38.9021664971319,38.11863788112318,38.676902770996094,3819,0.0,0.0
2019-05-23,38.14802041957291,38.14802041957291,37.49181819091034,37.609344482421875,2010,0.0,0.0
2019-05-24,37.521197756407076,38.1284294128418,37.521197756407076,38.1284294128418,2311,0.0,0.0
2019-05-28,37.824813586128286,37.824813586128286,36.541787015438246,37.24696350097656,7236,0.0,0.0
2019-05-29,36.82581233613368,37.45851300101515,36.47322598554229,37.1588134765625,6030,0.0,0.0
2019-05-30,36.962934353076406,37.413461810584245,36.54178846804367,36.89437484741211,2111,0.0,0.0
2019-05-31,36.55157879911873,36.80524782783933,36.257755582986746,36.541786193847656,3316,0.0,0.0
2019-06-03,36.394875067929895,37.217577831098374,35.94140759797214,36.37528610229492,9547,0.0,0.0
2019-06-04,36.58096688766813,36.82581583143898,36.38508472878458,36.434051513671875,3216,0.0,0.0
2019-06-05,36.64952416636959,37.55058288574219,36.37039358026431,37.55058288574219,4221,0.0,0.0
2019-06-06,37.57016930703177,37.57016930703177,36.85520019674342,37.501609802246094,3216,0.0,0.0
2019-06-07,37.36449177616461,37.84440456746288,36.76705269337857,37.021697998046875,2311,0.0,0.0
2019-06-10,36.93354685028313,37.45263373010691,36.15001835097691,36.23816680908203,6030,0.0,0.0
2019-06-11,36.57116776449419,36.88457994600163,35.93945085367707,36.541786193847656,5125,0.0,0.0
2019-06-12,36.414461975827386,36.95313784876564,36.306724548339844,36.306724548339844,5628,0.0,0.0
2019-06-13,36.51240282536089,36.51240282536089,35.99331592005378,36.31652069091797,4623,0.0,0.0
2019-06-14,35.92476243859655,36.350804650428834,35.630939187723605,36.22837829589844,4824,0.0,0.0
2019-06-17,36.13998964288787,36.64084161946375,36.13998964288787,36.346221923828125,3618,0.099502,0.0
2019-06-18,34.745457617577785,35.756984543134855,33.969627967786906,35.03025817871094,14271,0.0,0.0
2019-06-19,35.41817018306406,35.576285619167116,34.37227249145507,34.37227249145508,8040,0.0,0.0
2019-06-20,34.37227137319599,35.26104003288198,34.37227137319599,34.48029708862305,14371,0.0,0.0
2019-06-21,34.391911951583175,37.89788315620935,34.24460211054807,34.62760543823242,16281,0.0,0.0
2019-06-24,33.87142246237463,35.20703036035873,33.87142246237463,34.54904556274414,18894,0.0,0.0
2019-06-25,34.3722777008578,35.203106748585945,34.3722777008578,34.607975006103516,10954,0.0,0.0
2019-06-26,34.69635534777878,34.92222971407581,33.812496185302734,33.812496185302734,6834,0.0,0.0
2019-06-27,34.12675390653745,35.054806669531985,33.53751453511383,34.58832550048828,16683,0.0,0.0
2019-06-28,34.765097625372356,36.748867224677056,34.765097625372356,36.729225158691406,263712,0.0,0.0
2019-07-01,36.74886730327337,38.30053027927093,36.74886730327337,37.84878158569336,9145,0.0,0.0
2019-07-02,38.00591494293756,39.154932639706146,37.956811654742424,38.90941619873047,3216,0.0,0.0
2019-07-03,39.18438950656012,39.47900920300113,37.37739096072898,38.585330963134766,11859,0.0,0.0
2019-07-05,38.467482520950206,39.75987927242937,37.92931174427204,38.56568908691406,3618,0.0,0.0
2019-07-08,38.663894305653116,38.663894305653116,37.94698715209961,37.94698715209961,2613,0.0,0.0
2019-07-09,37.46577401022206,39.42008613796531,36.96197780119263,38.64425277709961,2613,0.0,0.0
2019-07-10,38.595153737575345,38.87013139373701,38.359460217299095,38.604976654052734,4121,0.0,0.0
2019-07-11,37.98332282885806,38.77191955891693,37.98332282885806,38.74245834350586,2613,0.0,0.0
2019-07-12,38.69336083213731,38.98798056020001,37.80950164794922,37.80950164794922,3216,0.0,0.0
2019-07-15,38.172866223231274,38.172866223231274,37.563984707018115,37.858604431152344,2211,0.0,0.0
2019-07-16,37.5738025438273,37.98626708984375,37.5738025438273,37.98626708984375,1608,0.0,0.0
2019-07-17,37.66218645442352,37.66218645442352,37.2104377746582,37.2104377746582,2914,0.0,0.0
2019-07-18,37.809503605689606,37.809503605689606,37.6229133605957,37.6229133605957,804,0.0,0.0
2019-07-19,37.554168332173724,38.15322697620077,37.554168332173724,37.95681381225586,1809,0.0,0.0
2019-07-22,37.90770552503982,37.90770552503982,37.56398253343886,37.701473236083984,1608,0.0,0.0
2019-07-23,37.11223602294922,37.11223602294922,37.11223602294922,37.11223602294922,703,0.0,0.0
2019-07-24,36.92563953491734,37.35774994114029,36.92563953491734,36.98456573486328,7437,0.0,0.0
2019-07-25,37.29882719236046,37.44613704346806,36.64084243774414,36.64084243774414,9648,0.0,0.0
2019-07-26,37.279186156593816,37.76039609117636,35.89447502390175,36.16945266723633,12261,0.0,0.0
2019-07-29,36.267661351669375,36.51317779128322,35.76680932086198,36.33640670776367,5226,0.0,0.0
2019-07-30,36.473887028853326,36.90599739007851,36.444425814454206,36.61137771606445,3216,0.0,0.0
2019-07-31,36.660483884418134,37.08277136411807,36.660483884418134,36.699764251708984,5326,0.0,0.0
2019-08-01,36.84707301140171,37.04348613708664,36.434608459472656,36.434608459472656,4121,0.0,0.0
2019-08-02,36.493535192823416,36.73905162886965,35.948489457803184,36.01232147216797,3718,0.0,0.0
2019-08-05,35.22667031304337,35.22667031304337,35.10882167852959,35.12846374511719,3417,0.0,0.0
2019-08-06,35.01061787621898,35.599857330322266,34.283887710153415,35.599857330322266,4121,0.0,0.0
2019-08-07,35.472191077488766,36.22837873112874,35.472191077488766,36.1890983581543,1608,0.0,0.0
2019-08-08,35.77662124352745,36.31675730153967,35.55074691772461,35.55074691772461,5628,0.0,0.0
2019-08-09,35.99268316929391,36.01232147216797,35.70788259747546,36.01232147216797,1809,0.0,0.0
2019-08-12,33.58662034323189,35.82572937011718,32.52599014786643,35.82572937011719,502,0.0,0.0
2019-08-13,34.97132908255802,35.727520367618915,34.97132908255802,35.688236236572266,2512,0.0,0.0
2019-08-14,34.57752587545817,35.1579250365188,34.37227249145507,34.37227249145508,2412,0.0,0.0
2019-08-15,33.56697559015235,34.98115158081055,33.56697559015235,34.98115158081055,1005,0.0,0.0
2019-08-16,35.20702276033429,35.6685905456543,35.20702276033429,35.6685905456543,1306,0.0,0.0
2019-08-19,34.7267985668879,35.90429475939744,34.7267985668879,35.737342834472656,4824,0.0,0.0
2019-08-20,33.48841326085168,34.75527572631836,33.48841326085168,34.75527572631836,1005,0.0,0.0
2019-08-21,34.78474013244536,34.78474013244536,34.441017150878906,34.441017150878906,1407,0.0,0.0
2019-08-22,34.676711974147885,34.82402182901295,34.313350677490234,34.313350677490234,2211,0.0,0.0
2019-08-23,33.105407762178984,33.90087940376217,33.105407762178984,33.851776123046875,6331,0.0,0.0
2019-08-26,33.989268823211646,33.989268823211646,33.05630643449963,33.28218078613281,6130,0.0,0.0
2019-08-27,34.17585835295982,34.18567750348044,33.97944522245383,34.097293853759766,2613,0.0,0.0
2019-08-28,33.99908219918276,34.33298597706555,33.69463963346348,34.22495651245117,4623,0.0,0.0
2019-08-29,34.234782099542734,34.91731850723926,34.234782099542734,34.342811584472656,1608,0.0,0.0
2019-08-30,34.087470559109136,34.49993888158661,34.087470559109136,34.13657760620117,2814,0.0,0.0
2019-09-03,34.018734363720434,34.434146991105166,33.69464963865565,33.97945022583008,5527,0.0,0.0
2019-09-04,34.254423042976825,34.58832687270172,33.23307701766323,34.07765197753906,4221,0.0,0.0
2019-09-05,34.49994303478311,34.68653703515588,33.43931276716782,33.73393249511719,8944,0.0,0.0
2019-09-06,33.38039159558184,34.372276544684595,31.54392968444064,33.97945022583008,65023,0.0,0.0
2019-09-09,34.14640293623486,34.60797462432533,34.05801550648967,34.274070739746094,2412,0.0,0.0
2019-09-10,34.372271501503484,35.14810110840225,34.372271501503484,34.84366226196289,10251,0.0,0.0
2019-09-11,35.17756505424486,36.23819517530255,35.17756505424486,35.69805908203125,4321,0.0,0.0
2019-09-12,35.717704245812705,36.71940825730747,35.28755916393049,36.51317596435547,6733,0.0,0.0
2019-09-13,35.855186581468026,36.82743301483845,35.845367431640625,35.845367431640625,6934,0.0,0.0
2019-09-16,35.96321605462665,36.051599698107594,35.22666686722828,35.845367431640625,6432,0.0,0.0
2019-09-17,36.20480335827647,36.20480335827647,35.688236236572266,35.688236236572266,4221,0.0,0.0
2019-09-18,35.97303520445406,35.97303520445406,35.20702480256204,35.845367431640625,5728,0.0,0.0
2019-09-19,35.02043153315036,36.14980697631836,35.02043153315036,36.14980697631836,4221,0.0,0.0
2019-09-20,36.09088896258418,36.09088896258418,35.16774567702543,35.34451675415039,12060,0.0,0.0
2019-09-23,35.32487799932367,35.79626878729082,35.32487799932367,35.39362335205078,4422,0.0,0.0
2019-09-24,35.658777339825704,35.658777339825704,34.98115427278957,35.08917999267578,2613,0.0,0.0
2019-09-25,35.18738387735983,36.149807427057326,35.157922661912146,35.35433578491211,6231,0.0,0.0
2019-09-26,35.61949425396436,35.61949425396436,35.10881938116216,35.35433578491211,4623,0.0,0.0
2019-09-27,35.2561307104602,35.2561307104602,34.83384323120117,34.83384323120117,4723,0.0,0.0
2019-09-30,34.363433904680065,35.099000533147816,34.31335171512145,34.951690673828125,7035,0.0,0.0
2019-10-01,35.305234260777915,36.68012619018554,35.305234260777915,36.68012619018555,8743,0.0,0.0
2019-10-02,36.68994258744503,37.004204329299824,36.2480130718712,36.57209396362305,5427,0.0,0.0
2019-10-03,36.7685053658803,37.878238677978516,36.7685053658803,37.878238677978516,5527,0.0,0.0
2019-10-04,39.90915561459054,39.90915561459054,38.43802241860296,38.830848693847656,7035,0.0,0.0
2019-10-07,38.48712508812424,39.24331264387967,38.113940885606276,38.8897705078125,4020,0.0,0.0
2019-10-08,38.987971215777144,40.48070780151421,38.65407119634068,38.71299362182617,23517,0.0,0.0
2019-10-09,39.12546370742583,39.420083378521554,37.966627087451585,38.536224365234375,24421,0.0,0.0
2019-10-10,38.791562083955256,39.07636262133139,37.868422655068414,37.94698715209961,4623,0.0,0.0
2019-10-11,38.42820186697544,38.42820186697544,36.82743921488205,37.11223602294922,6030,0.0,0.0
2019-10-14,36.90599989436259,37.1122321741619,35.992679595947266,35.992679595947266,1608,0.0,0.0
2019-10-15,36.31675957204004,36.31675957204004,35.45352524621575,36.08106231689453,4824,0.0,0.0
2019-10-16,35.56057310290623,35.77073607793402,35.23649215698242,35.23649215698242,3517,0.0,0.0
2019-10-17,35.226669390365934,35.97303778105093,34.98115297698117,35.590030670166016,4723,0.0,0.0
2019-10-18,35.49182252229364,35.50164543739807,35.28559025025066,35.37397766113281,2412,0.0,0.0
2019-10-21,34.90258664545739,36.32657800332358,34.79455717023218,35.7766227722168,15075,0.0,0.0
2019-10-22,35.923935858002764,36.5819206237793,35.923935858002764,36.5819206237793,3115,0.0,0.0
2019-10-23,36.72922475328436,37.897884368896484,36.72922475328436,37.897884368896484,2512,0.0,0.0
2019-10-24,38.00591523635407,38.53132268310559,37.77022171020508,37.77022171020508,3015,0.0,0.0
2019-10-25,37.14758690253364,39.23349380493164,37.14758690253364,39.23349380493164,3417,0.0,0.0
2019-10-28,39.30223649636244,39.3955334826738,38.74245834350586,38.74245834350586,4321,0.0,0.0
2019-10-29,38.92905495006632,39.2727779381454,38.53819024912837,39.23349380493164,2814,0.0,0.0
2019-10-30,39.20403320883812,39.30714935389368,37.51487945907721,39.1745719909668,4723,0.0,0.0
2019-10-31,38.840668622792776,39.8718376159668,37.87824498216607,39.8718376159668,6834,0.0,0.0
2019-11-01,40.068242102543785,40.068242102543785,39.469183656200045,39.970035552978516,3417,0.0,0.0
2019-11-04,40.058432496622125,40.31376808031542,39.783451080322266,39.783451080322266,6733,0.0,0.0
2019-11-05,39.71471155048512,39.82273728033839,39.02726550411508,39.2138557434082,4723,0.0,0.0
2019-11-06,38.958515158957695,38.958515158957695,37.94698828751258,38.585330963134766,3216,0.0,0.0
2019-11-07,37.91752682506615,38.23178482055664,37.91752682506615,38.23178482055664,1507,0.0,0.0
2019-11-08,38.0943014281852,38.2612533569336,38.0943014281852,38.261253356933594,1608,0.0,0.0
2019-11-11,37.986269947389324,38.457664489746094,37.986269947389324,38.457664489746094,1005,0.0,0.0
2019-11-12,38.79156740815821,38.79156740815821,37.80950164794922,37.80950164794922,1206,0.0,0.0
2019-11-13,37.51488135184646,37.51488135184646,36.82743909512135,37.12205505371094,2311,0.0,0.0
2019-11-14,36.93546804349376,37.91753387451172,36.81761939076913,37.91753387451172,1909,0.0,0.0
2019-11-15,37.92734696573429,37.92734696573429,37.014026641845696,37.0140266418457,3517,0.0,0.0
2019-11-18,37.12204770096033,37.12204770096033,33.31163788178668,34.82401657104492,10954,0.0,0.0
2019-11-19,35.23746982612667,35.35433578491211,34.87312212755758,35.35433578491211,3517,0.0,0.0
2019-11-20,34.91240854267721,35.76680643663741,34.91240854267721,35.12846374511719,4422,0.0,0.0
2019-11-21,35.187385939547525,35.41326029123273,34.735637236177105,35.148101806640625,6130,0.0,0.0
2019-11-22,34.40173702839335,35.53111267089844,34.40173702839335,35.53111267089844,4121,0.0,0.0
2019-11-25,36.135077107661076,36.98456542167398,35.73734126269428,35.894474029541016,5226,0.0,0.0
2019-11-26,35.9141130007606,35.9141130007606,34.97132777596961,35.442718505859375,31155,0.0,0.0
2019-11-27,34.7945633388299,35.83555155548189,34.7945633388299,35.53111267089844,4824,0.0,0.0
2019-11-29,34.13658306936096,35.45254898071289,34.13658306936096,35.45254898071289,703,0.0,0.0
2019-12-02,35.069536370870175,35.619495391845696,35.069536370870175,35.6194953918457,4221,0.0,0.0
2019-12-03,34.88294391310904,35.845367431640625,34.88294391310904,35.845367431640625,2914,0.0,0.0
2019-12-04,35.88464876619382,35.88464876619382,34.95168643693089,35.37397766113281,8844,0.0,0.0
2019-12-05,33.611170002448254,36.1301660971904,33.611170002448254,36.031959533691406,4020,0.0,0.0
2019-12-06,35.933754781864565,35.933754781864565,35.364157437855354,35.48200607299805,5527,0.0,0.0
2019-12-09,35.62931340410974,35.69805875016204,35.01061281966217,35.35433578491211,3216,0.0,0.0
2019-12-10,34.52939986628646,35.37397471431008,34.52939986628646,35.285587310791016,6331,0.0,0.0
2019-12-11,35.256124580441174,35.9239283576939,35.256124580441174,35.81589889526367,2211,0.0,0.0
2019-12-12,36.120344571945544,36.120344571945544,35.5114631652832,35.5114631652832,3919,0.0,0.0
2019-12-13,35.68823639077499,35.757964405930004,34.40173192109524,34.92222595214844,7839,0.0,0.0
2019-12-16,34.78474532014041,35.97304344191333,34.78474532014041,35.78644943237305,22612,0.0,0.0
2019-12-17,35.82572998016163,36.139991760253906,35.43290369629927,36.139991760253906,10954,0.0,0.0
2019-12-18,36.01232079024398,37.180980509699324,35.75698520759572,36.82743835449219,17286,0.0,0.0
2019-12-19,37.07294889419318,38.153221130371094,37.01402646004273,38.153221130371094,15276,0.0,0.0
2019-12-20,38.34963570732425,38.34963570732425,37.59344812555367,38.0157356262207,17487,0.0,0.0
2019-12-23,38.01573581722523,38.614794395017185,37.956809615549545,37.99609375,16683,0.0,0.0
2019-12-24,37.996091695587786,38.29147485482976,37.8484001159668,37.8484001159668,1708,0.099502,0.0
2019-12-26,38.252088987207955,39.00039148195624,38.252088987207955,38.69516372680664,6432,0.0,0.0
2019-12-27,38.59669894075793,39.1185417175293,38.59669894075793,39.1185417175293,3015,0.0,0.0
2019-12-30,39.00039033446054,39.138237314853804,38.4588583323192,38.68531799316406,8040,0.0,0.0
2019-12-31,38.754242525335634,38.78378008628034,38.448025781699045,38.596702575683594,4121,0.0,0.0
2020-01-02,38.56322709459458,39.128392922554035,38.46870312685481,38.882240295410156,2412,0.0,0.0
2020-01-03,38.69516012619092,39.16777238283227,38.358424412364535,38.89208221435547,2512,0.0,0.0
2020-01-06,37.89763007780362,39.1776237487793,37.89763007780362,39.1776237487793,3316,0.0,0.0
2020-01-07,38.931470879986804,39.05946949134247,37.996090895418945,38.55731964111328,6231,0.0,0.0
2020-01-08,38.291474284257674,39.1776237487793,37.9665535688867,39.1776237487793,6432,0.0,0.0
2020-01-09,39.217008906575764,39.217008906575764,39.138240814208984,39.138240814208984,1809,0.0,0.0
2020-01-10,38.91177517812549,38.91177517812549,38.49823803802637,38.89208221435547,5125,0.0,0.0
2020-01-13,38.645935593827424,42.101917266845696,38.645935593827424,42.1019172668457,23115,0.0,0.0
2020-01-14,42.4957597490073,47.04465748293737,42.36776113210234,47.03480911254883,13065,0.0,0.0
2020-01-15,47.556650669398344,47.755543203623326,46.32589128637458,47.6748046875,21507,0.0,0.0
2020-01-16,47.41881186145585,52.00709205486017,47.394196596015504,49.63418197631836,10251,0.0,0.0
2020-01-17,50.41201921732275,51.78554782770715,49.38802280031393,50.29386520385742,21507,0.0,0.0
2020-01-21,49.929559582580275,64.45255702007789,49.77202341127223,62.60149002075195,42913,0.0,0.0
2020-01-22,63.90117139320093,63.90117139320093,55.13814888490762,56.33937072753906,30853,0.0,0.0
2020-01-23,56.59537226761225,56.59537226761225,46.2372760522164,46.611427307128906,26230,0.0,0.0
2020-01-24,46.61142326417033,47.04465337950324,41.6489925507405,41.698219299316406,30150,0.0,0.0
2020-01-27,41.84590972935382,47.79295452241492,41.84590972935382,43.08652114868164,28240,0.0,0.0
2020-01-28,42.68283476807168,44.30744222880129,42.37760699747832,43.204681396484375,11758,0.0,0.0
2020-01-29,43.01760310645714,43.01760310645714,40.46746400888019,40.821922302246094,15276,0.0,0.0
2020-01-30,41.4619125167973,43.02744079854093,41.08776131721648,42.131446838378906,22009,0.0,0.0
2020-01-31,41.648998126377485,42.07237992885987,40.55608187174058,41.12715148925781,20401,0.0,0.0
2020-02-03,41.6686851355389,42.741912141791055,41.37330197140729,41.629302978515625,10954,0.0,0.0
2020-02-04,41.836067670132074,42.63360066499871,41.15668869018555,41.15668869018555,16381,0.0,0.0
2020-02-05,41.51114786859034,43.61821211924216,41.08776609939889,43.21452331542969,15276,0.0,0.0
2020-02-06,43.260797637523005,44.73082067375672,42.91913960295861,43.04713821411133,19798,0.0,0.0
2020-02-07,43.02744711969766,43.47839980913658,40.65453720092774,40.654537200927734,12663,0.0,0.0
2020-02-10,41.058229271885814,42.07237737194733,40.457614578326584,40.48715591430664,12462,0.0,0.0
2020-02-11,41.21576639372872,42.732064393481814,41.156691269949775,41.895145416259766,11155,0.0,0.0
2020-02-12,41.669670374938406,43.21452447526021,41.461918455319456,42.05268478393555,17688,0.0,0.0
2020-02-13,42.357912543813235,43.322830125599204,41.65884056485815,42.05268478393555,16180,0.0,0.0
2020-02-14,41.520991285178994,43.61821088098856,41.520991285178994,42.78129196166992,18291,0.0,0.0
2020-02-18,42.9880615890818,43.81513212242514,42.31852722167969,42.31852722167969,9849,0.0,0.0
2020-02-19,42.41699132536605,44.21882409298846,42.41699132536605,43.12590789794922,9949,0.0,0.0
2020-02-20,43.519747370869126,44.79974093980381,42.81476795841524,44.061283111572266,11256,0.0,0.0
2020-02-21,43.91359249252027,44.6028198137266,42.436676804221015,42.80098342895508,13366,0.0,0.0
2020-02-24,41.81638079757107,41.92469023318121,38.65085984463275,38.862552642822266,25828,0.0,0.0
2020-02-25,39.21701015004298,40.17208320904013,37.4004065709298,38.399784088134766,17889,0.0,0.0
2020-02-26,37.82378190996634,39.886537791707,37.543169440425686,39.3843879699707,9547,0.0,0.0
2020-02-27,38.18218504369019,38.61639663883947,37.75978469848633,37.75978469848633,8140,0.0,0.0
2020-02-28,37.848396525111994,40.51668930053711,37.848396525111994,40.51668930053711,10653,0.0,0.0
2020-03-02,39.394238388462206,41.973918914794915,39.394238388462206,41.97391891479492,5527,0.0,0.0
2020-03-03,41.895145285890266,44.14005660402885,40.86130797436606,42.12160873413086,16381,0.0,0.0
2020-03-04,42.73206299887908,43.322829316461466,41.91976308697147,42.43667984008789,14974,0.0,0.0
2020-03-05,41.058230488760444,41.255152602366714,39.010241262208915,39.74869918823242,11356,0.0,0.0
2020-03-06,37.41516949483487,40.06376952402968,37.41516949483487,38.52777862548828,12964,0.0,0.0
2020-03-09,39.09196849935761,39.16285865471961,37.74009550146555,38.60655212402344,7638,0.0,0.0
2020-03-10,39.59116081720337,40.30992580568262,37.81886549857553,39.40408706665039,19597,0.0,0.0
2020-03-11,42.35791454150867,42.35791454150867,35.94810485839844,35.94810485839844,19195,0.0,0.0
2020-03-12,34.96349217608054,36.38133285685478,32.984426509986015,33.781959533691406,39396,0.0,0.0
2020-03-13,34.76657281429929,36.209028872357734,33.10258314306804,35.04226303100586,19999,0.0,0.0
2020-03-16,34.05765509246986,34.05765509246986,31.349977881376507,31.36966896057129,19899,0.0,0.0
2020-03-17,31.487821251887205,35.40656661987305,31.487821251887205,35.40656661987305,10653,0.0,0.0
2020-03-18,34.421957555420214,35.17025999581598,29.95182832768187,30.621362686157227,20200,0.0,0.0
2020-03-19,29.932141310158453,33.66381343357817,29.459528949973706,32.383819580078125,17788,0.0,0.0
2020-03-20,32.088431870511805,32.86036440281046,25.934621794711127,27.057077407836914,35074,0.0,0.0
2020-03-23,26.643540872250135,27.066922650189298,25.171549244971885,25.777084350585938,19095,0.0,0.0
2020-03-24,26.682926607488625,28.50445433752591,26.505697453720224,27.972766876220703,26331,0.0,0.0
2020-03-25,27.81522560119629,29.11491031649668,27.16538229985409,27.81522560119629,14472,0.0,0.0
2020-03-26,27.726610918650252,30.522904513438473,27.726610918650252,29.262603759765625,10351,0.0,0.0
2020-03-27,28.849064622266862,30.178288779798642,28.46506690979004,28.46506690979004,6934,0.0,0.0
2020-03-30,28.504452825319554,30.385059356689453,28.504452825319554,30.385059356689453,6331,0.0,0.0
2020-03-31,29.69583247260846,30.54259605154787,28.149995012609438,30.129060745239258,20703,0.0,0.0
2020-04-01,29.548140082619003,30.44413416557789,24.447862006794956,25.777084350585938,41607,0.0,0.0
2020-04-02,25.590008544863338,26.889693318202756,23.955556567211527,26.751848220825195,14673,0.0,0.0
2020-04-03,26.899540836504396,27.756150902215026,25.590009529931972,26.239850997924805,24622,0.0,0.0
2020-04-06,27.372154443589498,39.04962921142578,26.289082762823384,39.04962921142578,32361,0.0,0.0
2020-04-07,40.270546874181086,40.35916334586145,35.09149994857711,35.87918472290039,33366,0.0,0.0
2020-04-08,35.495182455758105,37.36593864965454,34.333342809120076,35.140724182128906,11859,0.0,0.0
2020-04-09,35.54441647284665,36.14502743293089,34.23488512109728,35.59364700317383,10854,0.0,0.0
2020-04-13,35.180105199809034,35.25887328309364,31.930894397251038,34.05765151977539,12763,0.0,0.0
2020-04-14,34.461341658991884,35.061952564234495,33.535810038212,34.26441955566406,15075,0.0,0.0
2020-04-15,33.27980968030524,34.36288126947834,32.78750441249929,33.35858154296875,12864,0.0,0.0
2020-04-16,33.978877899261576,34.14134012960826,32.196734536467936,32.807193756103516,25326,0.0,0.0
2020-04-17,33.378270657651655,36.83425211985092,33.240427447841654,36.02687072753906,17085,0.0,0.0
2020-04-20,34.87487906800401,36.1450243782417,33.66380887925901,34.88472366333008,15678,0.0,0.0
2020-04-21,34.40226917405062,34.638573451290476,32.925353285920025,33.40781021118164,18190,0.0,0.0
2020-04-22,33.95919048412895,36.066254642894116,33.95919048412895,35.554256439208984,15376,0.0,0.0
2020-04-23,35.396719032251944,37.119787308951445,34.933951368699084,35.44594955444336,11959,0.0,0.0
2020-04-24,35.38687226001691,36.145023090934764,34.46134066590836,35.52471923828125,12361,0.0,0.0
2020-04-27,35.49518603248901,37.090252199317966,35.23918500927769,35.692108154296875,22813,0.0,0.0
2020-04-28,36.22378885157732,38.202854296142156,35.90871276058843,37.97639465332031,23718,0.0,0.0
2020-04-29,39.089009643298525,40.47730904463647,38.695165413158016,38.87239456176758,17587,0.0,0.0
2020-04-30,38.23239539385513,39.51238906501248,37.109941670162634,37.68101501464844,10351,0.0,0.0
2020-05-01,36.1253300219007,37.57566005900173,35.022569298042335,35.4262580871582,14371,0.0,0.0
2020-05-04,35.18502806639575,35.76594976770666,33.38811768978798,35.721641540527344,10251,0.0,0.0
2020-05-05,36.676712828901266,37.267479098736594,35.3868708749001,35.64287185668945,11557,0.0,0.0
2020-05-06,36.341944808868966,37.346248251359675,33.95426817454134,34.05765151977539,22210,0.0,0.0
2020-05-07,34.46134199430676,37.04101855318743,34.156114241085966,36.154869079589844,15075,0.0,0.0
2020-05-08,36.43056283645581,37.060711304737985,33.191196488753185,34.78626251220703,29848,0.0,0.0
2020-05-11,34.67795810444015,34.67795810444015,31.696559304564587,33.299503326416016,35778,0.0,0.0
2020-05-12,33.55549602837164,34.37272192428548,32.70578070634045,33.033653259277344,35577,0.0,0.0
2020-05-13,32.95488959876688,33.52596296556318,30.26690542666094,31.28105354309082,39999,0.0,0.0
2020-05-14,30.714899375935225,33.796727459076955,29.9813657190742,33.69334411621094,54772,0.0,0.0
2020-05-15,33.624421405703174,36.57825284017571,33.05334808332541,34.80595397949219,39094,0.0,0.0
2020-05-18,36.2730222145737,37.00163549614434,35.43610328766302,36.017024993896484,36883,0.0,0.0
2020-05-19,35.88902432373159,36.92286529175524,35.74133275687107,35.86933135986328,26130,0.0,0.0
2020-05-20,37.13947903353558,37.69086318458326,36.91301937094818,37.484092712402344,9648,0.0,0.0
2020-05-21,37.44471276851066,38.990548342346884,37.208404721994285,38.5770149230957,25627,0.0,0.0
2020-05-22,39.35485494488767,39.35485494488767,37.88778368921502,39.3253173828125,10954,0.0,0.0
2020-05-26,40.241001434408936,40.74315127628973,39.90623235664305,40.53638458251953,14673,0.0,0.0
2020-05-27,41.461919551050094,42.988065940307074,41.343765527250724,42.81083679199219,19698,0.0,0.0
2020-05-28,43.10621601523297,44.78990235434485,42.25945243516617,43.037296295166016,30049,0.0,0.0
2020-05-29,42.59422455601244,42.64345508798663,40.33946845645572,40.457618713378906,18492,0.0,0.0
2020-06-01,40.07361606176568,40.71361286935637,37.740088485289114,37.92716598510742,15879,0.0,0.0
2020-06-02,37.56778732259147,38.409628564710005,36.085949240593514,36.38133239746094,15778,0.0,0.0
2020-06-03,36.38133612340806,37.77652832029691,36.282875061035156,36.282875061035156,7939,0.0,0.0
2020-06-04,36.22379331353165,37.71547980122318,34.60312677002171,37.26748275756836,31155,0.0,0.0
2020-06-05,38.931473522006,40.31977292551409,35.64287646005315,36.10564041137695,38592,0.0,0.0
2020-06-08,36.607791339856135,36.82440263080018,35.55425734621346,36.440406799316406,22813,0.0,0.0
2020-06-09,35.90871990983497,35.93826124828403,33.841041380206406,34.067501068115234,19296,0.0,0.0
2020-06-10,34.08718973501175,35.52471955061043,34.08718973501175,35.071800231933594,9748,0.0,0.0
2020-06-11,33.99856903113537,34.90441133004211,33.38811361915486,34.579490661621094,24723,0.0,0.0
2020-06-12,35.42625935055545,35.42625935055545,33.15181055802449,34.78626251220703,17487,0.0,0.0
2020-06-15,33.54213288899313,36.11925925307556,33.54213288899313,35.66505432128906,9949,0.099502,0.0
2020-06-16,36.81044432676833,37.17578506469727,35.81316643382447,37.175785064697266,13366,0.0,0.0
2020-06-17,37.195528015956874,37.37326399782561,35.6453047278558,35.74404525756836,25024,0.0,0.0
2020-06-18,35.58606127601869,36.040266190230035,34.7566393273481,35.39845275878906,30451,0.0,0.0
2020-06-19,36.01064069368051,36.435227988444154,34.64802596276867,35.013362884521484,20502,0.0,0.0
2020-06-22,34.904750276571676,36.178500821114795,33.68036999620812,34.549285888671875,28944,0.0,0.0
2020-06-23,35.30958433310413,35.45769512314471,33.769233630875085,33.779109954833984,18693,0.0,0.0
2020-06-24,33.55200435940522,34.84550755522371,33.06817804060382,34.12470245361328,19396,0.0,0.0
2020-06-25,33.96671794748685,34.86525531253029,33.650747474614754,34.25306701660156,13768,0.0,0.0
2020-06-26,34.15432855717315,34.15432855717315,32.10151404794675,32.386871337890625,29446,0.0,0.0
2020-06-29,32.633720140257246,36.04520484871261,32.633720140257246,35.55643844604492,29848,0.0,0.0
2020-06-30,34.6529661973496,36.42535583258617,34.628281062758745,36.227874755859375,18994,0.0,0.0
2020-07-01,36.89930543726153,37.077041414363784,35.01336288452149,35.013362884521484,12060,0.0,0.0
2020-07-02,35.89215678718231,35.89215678718231,35.45769693335656,35.66505432128906,8743,0.0,0.0
2020-07-06,36.01064429087737,37.7386036871175,35.902031214449735,37.5213737487793,10854,0.0,0.0
2020-07-07,37.02767325861568,38.385351797556055,36.34636206889385,37.6991081237793,32562,0.0,0.0
2020-07-08,37.54112180482157,38.459408021380355,37.09678939821414,37.6102409362793,14673,0.0,0.0
2020-07-09,37.580618625257465,38.7062584235192,36.622834703718055,37.708980560302734,16381,0.0,0.0
2020-07-10,37.343638144015294,38.50877561673157,37.343638144015294,37.89658737182617,7839,0.0,0.0
2020-07-13,38.400166926279965,39.29870431883181,37.01779937744141,37.017799377441406,15477,0.0,0.0
2020-07-14,37.12640926116046,37.83734183933189,36.632710393118934,36.94867706298828,12562,0.0,0.0
2020-07-15,37.48187791089234,39.683791016001436,37.48187791089234,38.97285842895508,39697,0.0,0.0
2020-07-16,38.005199925911924,39.04197545540941,36.70182800292969,36.70182800292969,30853,0.0,0.0
2020-07-17,36.958554124515494,37.94595945125852,36.69195392919832,37.28439712524414,38290,0.0,0.0
2020-07-20,37.43250782663228,37.89658908608774,36.928928840016994,37.708980560302734,16683,0.0,0.0
2020-07-21,38.834617818504896,38.834617818504896,38.09999193943718,38.81487274169922,25627,0.0,0.0
2020-07-22,37.76822237213611,38.81487425951348,37.76822237213611,38.232303619384766,28140,0.0,0.0
2020-07-23,38.24217633362587,38.745755309305814,37.481877278912876,38.212554931640625,28542,0.0,0.0
2020-07-24,37.847216017506426,41.56973494341115,37.51150046985854,41.32288360595703,34873,0.0,0.0
2020-07-27,41.283385779605254,41.846207584758915,40.63169976446913,40.91804504394531,11055,0.0,0.0
2020-07-28,40.90817214422089,40.90817214422089,37.64973831176758,37.64973831176758,7236,0.0,0.0
2020-07-29,37.94714516785311,40.695928120655566,37.72882880036646,39.96159744262695,14200,0.0,1.005
2020-07-30,39.435658513744634,40.15014192176658,38.88986758232676,39.07841491699219,13000,0.0,0.0
2020-07-31,39.356269527311284,40.13029479980469,39.02879875259598,40.13029479980469,13900,0.0,0.0
2020-08-03,39.782976545118125,40.616543675103344,39.683743895196315,39.862361907958984,14200,0.0,0.0
2020-08-04,39.72343348402921,40.43792065543058,39.43565729375506,39.9516716003418,14200,0.0,0.0
2020-08-05,39.8921344542573,40.467690633675666,39.48527453563095,39.852439880371094,10800,0.0,0.0
2020-08-06,39.96159806581671,40.566927068391195,39.39596363712844,39.852439880371094,31300,0.0,0.0
2020-08-07,39.73335961248108,40.894397497837886,39.683743288279004,40.755470275878906,25700,0.0,0.0
2020-08-10,41.043250436217775,41.936355632227034,39.45550155639649,39.455501556396484,37000,0.0,0.0
2020-08-11,39.90205718130763,40.58677534840816,39.36619177718105,39.624202728271484,24400,0.0,0.0
2020-08-12,40.239451865725236,40.388304622666176,38.8898666591346,39.17764663696289,13800,0.0,0.0
2020-08-13,39.108181783283456,39.44557807420541,37.808212941837745,38.48300552368164,33600,0.0,0.0
2020-08-14,39.22726263280529,39.22726263280529,37.15326851644052,37.599822998046875,34900,0.0,0.0
2020-08-17,37.41127786123618,38.413541179050355,37.02426525549127,38.06622314453125,24200,0.0,0.0
2020-08-18,38.29446100256587,38.721168176769936,37.689132044486485,37.92729568481445,8300,0.0,0.0
2020-08-19,38.27461471904803,38.324231041316125,37.51051124257458,37.57005310058594,18300,0.0,0.0
2020-08-20,37.41127519062233,38.413538436889674,37.41127519062233,38.363922119140625,9400,0.0,0.0
2020-08-21,38.225002790145446,38.3738517740576,37.5005938024201,37.71890640258789,11300,0.0,0.0
2020-08-24,37.947144208401276,38.49293132783542,37.708980560302734,37.708980560302734,9700,0.0,0.0
2020-08-25,38.26469338856672,38.3738477845609,38.01164522109582,38.105918884277344,12500,0.0,0.0
2020-08-26,38.20515088163493,38.59216349268075,37.857832842358604,38.21507263183594,12900,0.0,0.0
2020-08-27,38.61201265544798,38.82040348914339,38.01660919189453,38.01660919189453,16700,0.0,0.0
2020-08-28,38.5227030105614,39.39596473293333,37.98584580808884,38.582244873046875,16400,0.0,0.0
2020-08-31,38.40362022857397,38.99902366742703,37.87767661258826,38.35400390625,18900,0.0,0.0
2020-09-01,38.532623541795495,38.99902148815769,38.29445990827323,38.67155075073242,13700,0.0,0.0
2020-09-02,38.65170601151857,39.4753475696701,37.778444345065,38.88986587524414,19100,0.0,0.0
2020-09-03,38.592160069443665,39.27687812254152,38.592160069443665,39.00894546508789,12800,0.0,0.0
2020-09-04,39.14787374687428,39.70358257573141,38.26469039916993,38.26469039916992,16400,0.0,0.0
2020-09-08,37.87767758055125,37.87767758055125,37.054036009573615,37.21281051635742,9300,0.0,0.0
2020-09-09,37.460893655458314,37.70897904390505,36.875411987304695,36.87541198730469,14100,0.0,0.0
2020-09-10,37.014338586227915,37.68218477398999,35.863222554315946,35.94261169433594,18200,0.0,0.0
2020-09-11,36.438789070903084,36.44871082246354,35.77391815185547,35.77391815185547,9400,0.0,0.0
2020-09-14,36.30978195786039,37.02426917360517,36.00215467652959,36.11131286621094,6400,0.0,0.0
2020-09-15,36.5479436692418,36.72656167813702,36.299858264325906,36.567787170410156,6200,0.0,0.0
2020-09-16,36.835718959254976,37.00937798134372,36.63229090066038,36.667022705078125,6600,0.0,0.0
2020-09-17,36.16092680941851,37.103652093506916,36.16092680941851,37.073883056640625,5800,0.0,0.0
2020-09-18,37.004417697029524,37.242577551662954,36.349472418563636,37.014339447021484,19500,0.0,0.0
2020-09-21,36.23039257414197,36.58763617971823,35.625067337452236,35.97238540649414,12600,0.0,0.0
2020-09-22,36.528097030922574,36.528097030922574,35.60521900541678,35.6746826171875,8700,0.0,0.0
2020-09-23,35.76399293130766,36.28993277911185,35.24797483410156,35.65483474731445,10100,0.0,0.0
2020-09-24,37.18303996613734,37.18303996613734,33.64038085198704,34.5533332824707,31100,0.0,0.0
2020-09-25,34.69226112338477,35.82352993179124,34.68233937308417,35.35713195800781,11900,0.0,0.0
2020-09-28,35.902921246261165,37.014342835762996,35.62506679525645,36.60748291015625,17100,0.0,0.0
2020-09-29,36.309776028059204,36.47847226784722,36.03192161641662,36.29985427856445,8700,0.0,0.0
2020-09-30,35.78383839485702,36.438783679965034,35.63002287730193,35.853302001953125,10600,0.0,0.0
2020-10-01,35.68460309670049,36.29985761544149,35.109046936035156,35.109046936035156,7500,0.0,0.0
2020-10-02,34.93042173392468,35.902915954589844,34.12662375208195,35.902915954589844,12700,0.0,0.0
2020-10-05,35.95253533386592,36.2303897675756,35.23804817806073,35.48613357543945,6100,0.0,0.0
2020-10-06,35.62506267969782,35.73421706892327,32.816734313964844,32.816734313964844,18200,0.0,0.0
2020-10-07,32.846500900017666,34.20601142941591,32.846500900017666,33.253360748291016,8500,0.0,0.0
2020-10-08,33.60068854622391,34.98004282056317,33.60068854622391,33.84877395629883,10400,0.0,0.0
2020-10-09,34.33501584809414,35.04950296987766,34.047239677804725,34.25563049316406,6700,0.0,0.0
2020-10-12,35.03958302086323,35.30751570530197,34.68233944161159,35.09912109375,7000,0.0,0.0
2020-10-13,35.12889461858961,35.12889461858961,33.94800567626953,33.94800567626953,7900,0.0,0.0
2020-10-14,34.44417522043496,35.12889333110056,33.987699003646355,35.07927322387695,11700,0.0,0.0
2020-10-15,34.41440862305895,34.77165222167969,34.18617049849191,34.77165222167969,12000,0.0,0.0
2020-10-16,34.74188030127339,34.98004396837273,34.573184033918785,34.67241668701172,4000,0.0,0.0
2020-10-19,34.23578284729132,34.731953613194094,34.02739203412796,34.50371551513672,3300,0.0,0.0
2020-10-20,34.50371513141081,34.99988589179552,34.30524607016042,34.88080596923828,5500,0.0,0.0
2020-10-21,34.702186000306746,34.71210775041897,34.23578424989574,34.68233871459961,5000,0.0,0.0
2020-10-22,34.81134841063375,35.029661008985045,33.91823937265937,34.43425750732422,7100,0.0,0.0
2020-10-23,34.503718983824974,34.82623077118066,34.24570803974726,34.622798919677734,8000,0.0,0.0
2020-10-26,34.46402071985505,34.48386800461921,33.54114279847556,34.235782623291016,8900,0.0,0.0
2020-10-27,33.858696333145524,34.2159399359362,33.5411473052167,33.73961639404297,11900,0.0,0.0
2020-10-28,33.01520436971648,33.61557056315476,31.38776291369079,32.45949172973633,21200,0.0,0.0
2020-10-29,32.221332841496604,32.50910902744134,31.308376604498264,31.774778366088867,18500,0.0,0.0
2020-10-30,31.983171507668263,32.41980047884557,31.85416603088379,31.85416603088379,4300,0.0,0.0
2020-11-02,32.05958011081576,32.87627911599861,31.973248388123693,32.00301742553711,7300,0.0,0.0
2020-11-03,32.618269575486266,33.72969496947556,32.618269575486266,32.96559143066406,14800,0.0,0.0
2020-11-04,33.134284716277875,33.90830993652344,32.64803946245073,33.90830993652344,7300,0.0,0.0
2020-11-05,33.9380824134221,35.07927294636567,33.62053341421323,35.06935119628906,7600,0.0,0.0
2020-11-06,34.77165153067487,35.05943151112074,33.7296935790595,35.00981140136719,6000,0.0,0.0
2020-11-09,36.08154134970786,38.87001883598473,36.08154134970786,36.547943115234375,11000,0.0,0.0
2020-11-10,37.04411101787839,38.641777696454106,37.04411101787839,37.36166000366211,11100,0.0,0.0
2020-11-11,37.28227510085424,38.016609579847966,36.89526246704681,37.768524169921875,12800,0.0,0.0
2020-11-12,37.282272245965174,37.68913213566936,35.67467997268067,36.62732696533203,8200,0.0,0.0
2020-11-13,36.66702631677702,37.01434439516531,34.43425750732422,34.43425750732422,11900,0.0,0.0
2020-11-16,35.08919958208602,36.17085207751793,35.08919958208602,36.151004791259766,6300,0.0,0.0
2020-11-17,35.902920866420175,37.63951873779297,35.902920866420175,37.63951873779297,5200,0.0,0.0
2020-11-18,37.7189043350561,37.7189043350561,35.49606116575272,35.55560302734375,8600,0.0,0.0
2020-11-19,35.78383711621252,36.617404157063,35.77391158099192,36.200618743896484,4200,0.0,0.0
2020-11-20,35.773915724140416,37.52043914794922,35.49606127350477,37.52043914794922,5700,0.0,0.0
2020-11-23,36.95480099723324,37.08380267321936,36.34947204589844,36.34947204589844,4000,0.0,0.0
2020-11-24,36.56778325168071,38.68147173498923,36.56778325168071,38.12575912475586,9300,0.0,0.0
2020-11-25,37.67920929725249,38.651703547344866,36.75633136681618,37.242576599121094,3700,0.0,0.0
2020-11-27,37.639517058003364,38.234920501708984,37.16319354594231,38.234920501708984,3800,0.0,0.0
2020-11-30,37.74740797652691,38.055835723876946,36.21522819392727,38.05583572387695,10500,0.1,0.0
2020-12-01,37.02111539975503,38.802029995021925,36.463960474993655,37.41908645629883,7800,0.0,0.0
2020-12-02,37.28974404368353,37.29969540719685,36.51370468430229,36.662940979003906,7000,0.0,0.0
2020-12-03,36.81218117044941,37.181296296748066,35.399391174316406,35.399391174316406,7100,0.0,0.0
2020-12-04,35.44913506042999,37.04101157755861,35.44913506042999,36.81217956542969,8600,0.0,0.0
2020-12-07,36.71268689416298,38.01603454218519,36.30775145116097,37.12060546875,8200,0.0,0.0
2020-12-08,37.29969457749826,38.63289260864258,37.29969457749826,38.63289260864258,6400,0.0,0.0
2020-12-09,38.22496774442717,38.83883626047282,36.47390365600586,36.47390365600586,6900,0.0,0.0
2020-12-10,36.74253537996484,37.29969406127929,36.503752003592076,37.2996940612793,7200,0.0,0.0
2020-12-11,36.83207605358446,37.30963897705078,36.83207605358446,37.30963897705078,1800,0.0,0.0
2020-12-14,37.00121508564237,37.90460684534107,36.17543029785156,36.17543029785156,6800,0.0,0.0
2020-12-15,36.87187807193481,37.3285477401753,36.01624298095703,36.01624298095703,8300,0.0,0.0
2020-12-16,36.60324627048874,36.96141943358488,35.319793701171875,35.319793701171875,12800,0.0,0.0
2020-12-17,35.966498429838666,35.966498429838666,33.897055015372,34.17563247680664,26700,0.0,0.0
2020-12-18,34.951673637188826,35.439184166556174,34.67309239650301,35.00141906738281,23200,0.0,0.0
2020-12-21,34.75268675338633,35.018329693274325,34.00649394384382,34.633296966552734,21700,0.0,0.0
2020-12-22,35.10091143796148,35.270050462297775,34.20548226994538,34.85218048095703,13100,0.0,0.0
2020-12-23,35.021317408395156,36.483852767185574,35.021317408395156,36.19532775878906,7400,0.0,0.0
2020-12-24,36.12568376217384,36.12568376217384,35.28795508662076,35.90679931640625,1900,0.0,0.0
2020-12-28,35.573498537106005,35.573498537106005,35.19045078096454,35.369537353515625,2100,0.0,0.0
2020-12-29,35.66801624528002,36.26497279467087,35.66801624528002,35.876953125,8200,0.0,0.0
2020-12-30,35.94659937966425,35.976445880339156,35.180507567898005,35.439186096191406,3000,0.0,0.0
2020-12-31,35.70781465299172,35.89685260441914,34.94172286987305,34.94172286987305,7000,0.0,0.0
2021-01-04,35.00142000610208,35.399391048993444,34.782535552978516,34.782535552978516,5000,0.0,0.0
2021-01-05,35.44913785817716,35.685928702279995,34.27512741088867,34.27512741088867,10600,0.0,0.0
2021-01-06,35.04121700532113,35.91674720555802,33.608524322509766,33.608524322509766,16600,0.0,0.0
2021-01-07,33.528929671055074,36.30476772331321,33.528929671055074,35.65806579589844,13900,0.0,0.0
2021-01-08,35.53867963575098,36.304771423339844,35.02131880015851,36.304771423339844,12600,0.0,0.0
2021-01-11,35.38943935716622,35.946598052978516,35.03624186266013,35.946598052978516,5700,0.0,0.0
2021-01-12,36.065987449096525,36.065987449096525,35.23025131225586,35.23025131225586,8200,0.0,0.0
2021-01-13,35.618274125122014,35.84312865254898,33.926902770996094,33.926902770996094,13500,0.0,0.0
2021-01-14,34.02639356413921,35.5287267812003,34.02639356413921,35.319793701171875,9600,0.0,0.0
2021-01-15,34.891975312647084,36.065985631306596,34.891975312647084,35.27999496459961,11400,0.0,0.0
2021-01-19,35.55858021490481,35.6381721496582,34.30497403337246,35.6381721496582,10800,0.0,0.0
2021-01-20,36.05006881496513,36.05006881496513,34.44425964355469,34.44425964355469,8500,0.0,0.0
2021-01-21,34.7725871898604,34.97157270675702,34.48405838012695,34.48405838012695,6300,0.0,0.0
2021-01-22,34.07614019407448,35.07106399536133,34.07614019407448,35.07106399536133,9300,0.0,0.0
2021-01-25,34.663146627469025,35.319796207972935,34.44426216885664,34.82233428955078,8000,0.0,0.0
2021-01-26,33.121013686823105,34.96162116945573,33.121013686823105,33.996543884277344,8700,0.0,0.0
2021-01-27,33.95675005703261,34.503957383137006,30.11634361567003,32.0862922668457,20400,0.0,0.0
2021-01-28,31.837559771085456,33.36974324594883,31.837559771085456,32.49420928955078,9900,0.0,0.0
2021-01-29,32.8822309700843,32.8822309700843,30.056647214313678,32.67329788208008,20400,0.0,0.0
2021-02-01,32.633499740156886,34.74273712436466,32.275326566448705,34.712890625,10900,0.0,0.0
2021-02-02,32.9717762454524,34.72284437146557,32.9717762454524,34.603450775146484,10200,0.0,0.0
2021-02-03,34.314921429355564,35.66801452636718,34.27512356891417,35.66801452636719,14600,0.0,0.0
2021-02-04,35.26009487165705,36.21522451650661,35.23024837490114,35.27004623413086,9900,0.0,0.0
2021-02-05,35.96649577451453,36.06598663330078,35.36456355425883,36.06598663330078,9400,0.0,0.0
2021-02-08,36.01524829529512,36.6629408717246,35.46903533627253,36.04608917236328,13300,0.0,0.0
2021-02-09,35.51878073357236,36.304771453411966,34.16568374633789,34.16568374633789,18100,0.0,0.0
2021-02-10,34.643243496095224,36.23511992395737,34.643243496095224,35.369537353515625,14500,0.0,0.0
2021-02-11,35.817255007180414,36.11573137317367,35.25014877319336,35.25014877319336,7900,0.0,0.0
2021-02-12,35.67796850949864,36.16547905204571,35.31979532988593,35.787410736083984,14800,0.0,0.0
2021-02-16,35.39939177306134,36.115734351451636,35.081012655036155,35.33969497680664,12500,0.0,0.0
2021-02-17,35.5685257821735,36.03614118178839,35.0511649517201,35.459083557128906,17400,0.0,0.0
2021-02-18,35.56852620876726,35.89685288783887,34.94172314575165,35.04121780395508,8700,0.0,0.0
2021-02-19,35.59837436297143,36.25502395629883,35.31979689772141,36.25502395629883,14500,0.0,0.0
2021-02-22,35.71776797649708,36.66493515416129,35.379493713378906,35.379493713378906,9000,0.0,0.0
2021-02-23,35.47898099914006,36.115731595942044,34.34476852416992,34.34476852416992,17800,0.0,0.0
2021-02-24,34.822333158976356,36.702738542307785,34.68304443359375,34.68304443359375,13700,0.0,0.0
2021-02-25,35.061114721066254,36.085884972015265,34.86212921142578,34.86212921142578,16800,0.0,0.0
2021-02-26,35.32974528920248,35.966499760128364,33.926902770996094,33.926902770996094,13700,0.0,0.0
2021-03-01,34.573600958269836,37.32954025268555,34.573600958269836,37.32954025268555,16200,0.0,0.0
2021-03-02,37.14050544316658,37.47877587495581,35.3297407248072,36.384361267089844,13700,0.0,0.0
2021-03-03,36.454004274158386,37.45887935069718,35.7575569152832,35.7575569152832,19900,0.0,0.0
2021-03-04,35.73765868450841,36.23512055124377,32.981723282687426,33.91695022583008,50000,0.0,0.0
2021-03-05,33.71796526138632,34.43431157549216,33.528931115311906,34.115936279296875,30400,0.0,0.0
2021-03-08,34.03634188664507,35.69786658666861,34.03634188664507,34.613399505615234,42400,0.0,0.0
2021-03-09,34.69299064757652,37.220097923357066,34.69299064757652,36.58334732055664,21700,0.0,0.0
2021-03-10,36.463957081036305,38.145376857999025,36.463957081036305,37.25989532470703,20600,0.0,0.0
2021-03-11,36.82212777875873,37.57827198415108,35.83715535255869,36.623146057128906,24100,0.0,0.0
2021-03-12,36.8718771461569,36.911671213435916,35.69786676643183,36.10578536987305,28100,0.0,0.0
2021-03-15,36.34157968231002,36.70273596567405,35.87695123944964,36.44405746459961,20100,0.0,0.0
2021-03-16,36.52365271691297,37.210152585402575,35.847104212063236,36.1157341003418,13400,0.0,0.0
2021-03-17,35.76751280096854,36.846009878992675,35.717767368043674,36.314720153808594,14400,0.0,0.0
2021-03-18,36.18537758916151,36.44405990287586,35.663044870699466,36.07593536376953,17300,0.0,0.0
2021-03-19,35.65806669697101,37.93644295350968,35.072055920641546,36.96141815185547,58200,0.0,0.0
2021-03-22,36.95146750148094,37.259895230582366,35.54862516451356,36.384361267089844,20000,0.0,0.0
2021-03-23,36.51370418143355,36.51370418143355,34.81238539606697,35.329742431640625,34200,0.0,0.0
2021-03-24,35.717763726357305,36.473904097587734,35.48892792663454,35.79735565185547,11700,0.0,0.0
2021-03-25,35.867002667479504,36.23512341526672,35.548627351231126,35.787410736083984,15000,0.0,0.0
2021-03-26,36.175429622372924,36.772382378416594,35.787409951411234,36.493804931640625,10700,0.0,0.0
2021-03-29,36.32466639734977,36.65299307427833,35.817256927490234,35.817256927490234,19100,0.0,0.0
2021-03-30,35.817257087480336,36.55350237533623,35.817257087480336,36.304771423339844,14100,0.0,0.0
2021-03-31,35.916746651429136,36.33461660924651,35.63816920977288,35.6779670715332,12900,0.0,0.0
2021-04-01,35.81725612998864,36.269948272280295,35.26009744609115,35.51877975463867,14700,0.0,0.0
2021-04-05,35.51877866619826,36.38436126678808,34.59349927423458,35.12080764770508,22300,0.0,0.0
2021-04-06,35.12080562189838,35.12080562189838,33.071265242277086,33.29014587402344,37500,0.0,0.0
2021-04-07,33.38964119347159,34.02639176289824,32.72304033181179,32.842430114746094,57500,0.0,0.0
2021-04-08,33.31999936858128,34.92182348103307,33.051369490070805,34.48405838012695,47300,0.0,0.0
2021-04-09,34.57360076904297,34.57360076904297,34.11593674887943,34.57360076904297,10100,0.0,0.0
2021-04-12,34.19553050221101,34.62334804683006,33.9070054799484,34.265174865722656,28000,0.0,0.0
2021-04-13,34.195530136144306,34.575590999524906,33.548831939697266,33.548831939697266,8800,0.0,0.0
2021-04-14,33.77766410997246,33.916952836124956,32.89218252628891,33.031471252441406,8800,0.0,0.0
2021-04-15,33.349842541018596,34.56365065720781,33.349842541018596,34.06618881225586,6200,0.0,0.0
2021-04-16,34.20547983888947,34.20547983888947,32.951873779296875,32.951873779296875,8400,0.0,0.0
2021-04-19,33.101113504410684,33.29014764994249,32.235530907572645,33.24040222167969,13200,0.0,0.0
2021-04-20,32.732994258394655,33.091163635253906,32.732994258394655,33.091163635253906,7800,0.0,0.0
2021-04-21,33.180708761442666,34.07614174139362,33.180708761442666,33.78761291503906,14000,0.0,0.0
2021-04-22,34.00649642944336,34.44426154338554,33.578678883742356,34.00649642944336,10200,0.0,0.0
2021-04-23,34.354716890099404,35.3695396005842,34.28507252916414,34.643245697021484,10100,0.0,0.0
2021-04-26,34.91187637031423,35.5685259279398,34.79248657674589,34.94172286987305,8000,0.0,0.0
2021-04-27,35.08101048257395,35.369539286937446,34.673091888427734,34.673091888427734,15600,0.0,0.0
2021-04-28,34.96161859566656,35.48892694796564,34.82232988338625,34.88202667236328,11400,0.0,0.0
2021-04-29,35.29989413321564,35.508827209472656,35.07106212655325,35.508827209472656,16200,0.0,0.0
2021-04-30,35.02131756097725,35.60832273873169,35.02131756097725,35.54862594604492,10200,0.0,0.0
2021-05-03,35.4391845147649,35.847103118896484,35.2899482227166,35.847103118896484,16200,0.0,0.0
2021-05-04,35.58842468261719,36.00629085569696,35.100910352024364,35.58842468261719,19600,0.0,0.0
2021-05-05,35.807309132515975,36.1754298748005,35.00440262224169,35.58842468261719,12700,0.0,0.0
2021-05-06,35.48892956716909,35.744624949392765,34.77258702324005,35.130760192871094,20300,0.0,0.0
2021-05-07,35.25015036003716,35.847103118896484,34.97157291194722,35.847103118896484,19000,0.0,0.0
2021-05-10,35.64812090891244,36.37441481388613,35.51877975463867,35.51877975463867,13000,0.0,0.0
2021-05-11,35.319791660501636,35.79735458526004,35.03126287408528,35.27004623413086,10000,0.0,0.0
2021-05-12,35.42127718321511,35.50882792436188,34.75766321193397,35.06111526489258,7700,0.0,0.0
2021-05-13,35.04121896594019,35.23522881170392,35.031267602123286,35.05116653442383,10600,0.0,0.0
2021-05-14,35.15065881344228,36.29481887817383,35.15065881344228,36.29481887817383,6500,0.0,0.0
2021-05-17,35.72771428322001,36.28487298965744,35.62822341918945,35.62822341918945,10400,0.0,0.0
2021-05-18,35.946598906255474,36.17543093086031,35.79735881417992,35.986392974853516,6700,0.0,0.0
2021-05-19,35.45908308397049,36.1356315612793,35.45908308397049,36.1356315612793,6900,0.0,0.0
2021-05-20,35.79735981449829,36.05106645998301,35.58842671602067,35.6381721496582,6100,0.0,0.0
2021-05-21,35.88689958077067,36.17542838093461,35.60832214355469,35.60832214355469,11000,0.0,0.0
2021-05-24,35.697864796149545,36.21522559555263,35.42724617692321,35.79735565185547,17900,0.0,0.0
2021-05-25,35.88690307481559,36.225177336655825,35.61827317906012,35.767513275146484,13500,0.0,0.0
2021-05-26,35.81725882585833,36.25502395629883,35.67797009323333,36.25502395629883,10200,0.0,0.0
2021-05-27,36.255020186036006,37.220097440767155,35.98639031733765,36.12568283081055,40400,0.0,0.0
2021-05-28,36.35451651512484,36.93157034479361,36.01624227175587,36.463958740234375,18000,0.0,0.0
2021-06-01,36.911667976495806,37.31958654416492,36.44405641547637,37.30963897705078,15600,0.0,0.0
2021-06-02,37.3096415817021,37.84192564978773,36.91167055336408,37.42903137207031,9600,0.0,0.0
2021-06-03,36.91167017994842,39.607916468762696,36.91167017994842,38.98111343383789,46400,0.0,0.0
2021-06-04,38.792079160763606,39.66760933891944,38.712483438022375,39.49847412109375,16300,0.0,0.0
2021-06-07,39.657664352943286,39.657664352943286,37.81705299572514,38.742332458496094,30100,0.0,0.0
2021-06-08,38.31451379024506,38.7880992487552,37.86878987196077,38.60304260253906,14400,0.0,0.0
2021-06-09,38.53339914549005,39.04081241976572,38.01603830294747,38.51350021362305,13600,0.0,0.0
2021-06-10,38.42395691788811,39.06070755629954,37.628018619873835,38.51350021362305,10900,0.0,0.0
2021-06-11,38.39410665542689,38.60303972655683,37.727505786870125,38.384159088134766,13600,0.0,0.0
2021-06-14,38.42405952088414,38.42405952088414,37.61607560059686,37.965206146240234,15400,0.1,0.0
2021-06-15,37.75572896241401,38.509846580218635,37.675930189761836,38.0350341796875,11000,0.0,0.0
2021-06-16,37.80560481812191,38.40410888912068,37.646003478842495,37.79562759399414,12900,0.0,0.0
2021-06-17,37.905356102561356,38.471942216838364,37.27692413330078,37.27692413330078,8600,0.0,0.0
2021-06-18,36.90784811036437,37.40660281455849,36.75323536972705,37.05747604370117,26100,0.0,0.0
2021-06-21,37.08739877790405,39.26097255317633,36.867945498267936,38.48391342163086,39500,0.0,0.0
2021-06-22,37.99513046596011,38.194633092653056,37.30685039932535,37.64600372314453,20500,0.0,0.0
2021-06-23,37.64600587443961,38.21458591962876,37.01757389626348,38.18465805053711,16400,0.0,0.0
2021-06-24,38.354233858957095,39.042513915291025,38.025053959060834,38.96271514892578,9500,0.0,0.0
2021-06-25,38.91284005130127,40.82806007955808,38.66346270109884,39.960227966308594,42200,0.0,0.0
2021-06-28,40.64850515946695,40.64850515946695,39.251990576695164,39.53129577636719,12100,0.0,0.0
2021-06-29,39.2719437174326,40.44900510500318,38.769201175403616,39.24201965332031,8700,0.0,0.0
2021-06-30,39.251991563954626,39.531296770651686,38.763214111328125,38.763214111328125,11900,0.0,0.0
2021-07-01,38.90286586660265,39.36171926870521,38.56371252478852,39.202117919921875,10700,0.0,0.0
2021-07-02,39.501368393550095,39.98316711012769,38.59662973454686,39.2320442199707,16600,0.0,0.0
2021-07-06,39.351744870988846,39.351744870988846,37.95523024995144,38.08490753173828,12700,0.0,0.0
2021-07-07,37.78565685474058,38.23453684242131,37.55623015108073,37.865455627441406,10100,0.0,0.0
2021-07-08,37.48640239509421,38.314333159126086,36.90784515801498,37.47642517089844,18900,0.0,0.0
2021-07-09,37.74575366446375,38.9627162797204,37.72580302099441,38.89289093017578,7400,0.0,0.0
2021-07-12,38.973687479559025,40.0001239446388,38.74326382121782,39.481422424316406,11400,0.0,0.0
2021-07-13,39.40161895751953,39.594139051754794,38.643513532876355,39.40161895751953,16800,0.0,0.0
2021-07-14,39.58117237655952,39.58117237655952,38.55373893609965,38.843013763427734,12600,0.0,0.0
2021-07-15,38.51383541800086,39.441519389148674,38.503858193900385,38.982666015625,8900,0.0,0.0
2021-07-16,39.401619304310195,39.401619304310195,38.404109954833984,38.404109954833984,7300,0.0,0.0
2021-07-19,37.71583117353362,38.14476051300817,36.276424341146,37.14725112915039,18600,0.0,0.0
2021-07-20,38.09189015556593,38.09189015556593,37.306851538354536,37.40660095214844,10700,0.0,0.0
2021-07-21,37.955230206894626,38.90286485543813,37.85548079344635,38.4240608215332,16700,0.0,0.0
2021-07-22,38.57368532419544,38.57368532419544,37.25697326660156,37.25697326660156,22200,0.0,0.0
2021-07-23,37.26694869995117,37.8255514822656,36.97767008471202,37.26694869995117,9500,0.0,0.0
2021-07-26,37.20709722975366,37.55622777820048,37.057473113444544,37.137271881103516,12100,0.0,0.0
2021-07-27,37.087399332349655,37.87942050749329,36.698371280048896,37.67593002319336,11700,0.0,0.0
2021-07-28,37.53627766808629,39.00261381576067,37.53627766808629,38.384159088134766,12000,0.0,0.0
2021-07-29,38.224558853843405,38.85299082404009,38.224558853843405,38.48391342163086,7100,0.0,0.0
2021-07-30,38.50385992535879,38.703362559182686,37.596126556396484,37.596126556396484,9900,0.0,0.0
2021-08-02,38.13478270364818,38.44401197777424,37.66595208275943,37.955230712890625,18800,0.0,0.0
2021-08-03,38.18465736344865,38.41408406130931,37.855481250934226,38.29438400268555,11400,0.0,0.0
2021-08-04,37.90535563151042,38.663461069854286,36.84799434139238,37.40660095214844,30500,0.0,0.0
2021-08-05,37.456477613249994,37.5961283219259,35.65397889947543,36.548744201660156,18800,0.0,0.0
2021-08-06,37.03752307485601,37.13727248735713,35.34175642596378,35.820560455322266,21300,0.0,0.0
2021-08-09,35.62105650758701,36.36918848926232,35.022552444325164,35.531280517578125,23800,0.0,0.0
2021-08-10,35.58215887281013,36.394130694150704,35.54624542973863,35.7906379699707,37600,0.0,0.0
2021-08-11,35.930288995750786,36.75821981792251,35.930288995750786,36.50884246826172,13100,0.0,0.0
2021-08-12,36.16968597830163,37.15722187145336,36.10983785490798,36.90784454345703,12500,0.0,0.0
2021-08-13,36.758217339893484,37.690889934620095,36.45896530151367,36.45896530151367,10200,0.0,0.0
2021-08-16,36.43901396800104,36.81806857220634,36.24051211102194,36.7382698059082,11800,0.0,0.0
2021-08-17,36.3592152017029,37.281910554727176,36.3592152017029,36.7382698059082,15500,0.0,0.0
2021-08-18,36.558717854031286,37.8504905882433,36.399116516113274,36.39911651611328,13000,0.0,0.0
2021-08-19,36.10983877879025,36.808096076084325,35.840510801039834,36.47891616821289,19700,0.0,0.0
2021-08-20,36.678421464257006,36.71832275390625,36.578668240133894,36.71832275390625,2100,0.0,0.0
2021-08-23,37.09737132004903,37.09737132004903,36.59861664554084,36.688392639160156,1900,0.0,0.0
2021-08-24,36.32928981743981,36.70635052468387,36.28939233416227,36.44899368286133,3900,0.0,0.0
2021-08-25,36.478918625764805,37.20809699603468,35.86046386030068,36.52879333496094,6800,0.0,0.0
2021-08-26,36.76819482714852,36.867944238923336,36.13976287841797,36.13976287841797,3100,0.0,0.0
2021-08-27,36.57866458855913,37.58615112304687,36.57866458855913,37.586151123046875,4300,0.0,0.0
2021-08-30,36.82804492394421,37.58615419272885,36.658470153808594,36.658470153808594,4800,0.0,0.0
2021-08-31,37.00759441259432,38.015080961132696,36.778167724609375,36.778167724609375,2700,0.0,0.0
2021-09-01,36.89787433009751,36.89787433009751,36.319317052390204,36.50884246826172,5200,0.0,0.0
2021-09-02,36.788147826399026,37.097373305820966,36.788147826399026,37.03752517700195,3100,0.0,0.0
2021-09-03,36.8679464948216,37.07742255548395,36.33926773071289,36.33926773071289,4100,0.0,0.0
2021-09-07,36.668442856325576,37.23702669939257,36.027046582527795,36.93777084350586,3700,0.0,0.0
2021-09-08,36.838020087755716,37.20709747666949,36.75821751437104,36.987648010253906,6600,0.0,0.0
2021-09-09,37.067446116459074,38.00510350580665,36.758216857910156,36.758216857910156,8100,0.0,0.0
2021-09-10,37.227049504394074,38.00012079072306,36.76819610595703,36.76819610595703,6900,0.0,0.0
2021-09-13,37.356727941653524,37.356727941653524,36.518819890067405,36.69837188720703,3800,0.0,0.0
2021-09-14,37.0375244228353,37.16719790276698,36.109840393066406,36.109840393066406,4200,0.0,0.0
2021-09-15,36.259465559290675,36.94276087553657,36.259465559290675,36.548744201660156,5000,0.0,0.0
2021-09-16,36.36919098507673,36.75821903341335,35.750736236572266,35.750736236572266,3900,0.0,0.0
2021-09-17,35.48140790002948,36.41906533567411,35.032527923583984,35.032527923583984,6700,0.0,0.0
2021-09-20,34.723301192341744,34.87292530891872,34.40409851074218,34.40409851074219,4800,0.0,0.0
2021-09-21,35.21207921009838,35.61108447122657,34.51382190572214,35.311832427978516,16600,0.0,0.0
2021-09-22,35.76071073080068,36.40909336764554,35.621060022605526,36.02006530761719,9000,0.0,0.0
2021-09-23,36.17966604785895,37.00759686322152,36.089890050511556,36.997623443603516,7900,0.0,0.0
2021-09-24,36.6484967560803,37.865455627441406,36.6484967560803,37.865455627441406,3200,0.0,0.0
2021-09-27,37.68590147796105,38.284409362385624,36.81806942152098,37.157222747802734,6900,0.0,0.0
2021-09-28,37.35672748920612,37.35672748920612,36.069939460355926,36.658470153808594,4200,0.0,0.0
2021-09-29,36.47891632871385,37.00759506225586,36.47891632871385,37.00759506225586,2000,0.0,0.0
2021-09-30,37.31682586669922,37.31682586669922,37.31682586669922,37.31682586669922,600,0.0,0.0
2021-10-01,37.32679688541117,37.675927430131345,36.58864212036132,36.58864212036133,5900,0.0,0.0
2021-10-04,37.1073504964803,38.64351588802257,36.99762385348494,37.20709991455078,6700,0.0,0.0
2021-10-05,37.64600482826673,37.74575424194336,36.571683779845195,37.74575424194336,6000,0.0,0.0
2021-10-06,37.057473336330034,37.506349493153294,36.79811877818722,37.157222747802734,3800,0.0,0.0
2021-10-07,37.20709961283941,38.79313970055576,37.20709961283941,37.69588088989258,10300,0.0,0.0
2021-10-08,37.91533001745556,43.38168479119922,37.91533001745556,39.90037536621094,23200,0.0,0.0
2021-10-11,39.54127059717576,40.54875718616001,39.142269134521484,39.142269134521484,4500,0.0,0.0
2021-10-12,38.952738148519664,40.020072815505465,38.62954762535065,38.982666015625,9200,0.0,0.0
2021-10-13,38.77318682369001,39.55124669327981,38.77318682369001,39.04251480102539,9200,0.0,0.0
2021-10-14,39.042516305798934,39.08241759402267,37.975181579589844,37.975181579589844,2200,0.0,0.0
2021-10-15,38.21458403707224,38.21458403707224,36.97767078598275,36.987648010253906,4900,0.0,0.0
2021-10-18,38.57368592965486,38.57368592965486,37.32679920363504,37.82555389404297,4700,0.0,0.0
2021-10-19,37.895382940044286,37.895382940044286,36.96769891419782,37.12730026245117,1400,0.0,0.0
2021-10-20,36.937771096427845,37.30685230649631,36.78814697265625,36.78814697265625,2300,0.0,0.0
2021-10-21,36.01008552557219,37.50634953032221,36.01008552557219,36.81806945800781,5600,0.0,0.0
2021-10-22,37.10734951589473,37.137273579485836,36.259464263916016,36.259464263916016,4700,0.0,0.0
2021-10-25,36.26944096213897,36.89787292480469,36.25946373762256,36.89787292480469,1300,0.0,0.0
2021-10-26,37.322810193942765,38.25448203919196,36.45896597075827,36.51881790161133,4600,0.0,0.0
2021-10-27,36.927797033450716,36.927797033450716,36.321309636699276,36.558719635009766,3800,0.0,0.0
2021-10-28,36.29936599731445,36.29936599731445,36.29936599731445,36.29936599731445,400,0.0,0.0
2021-10-29,36.51881883235987,37.516328207490396,36.259464263916016,36.259464263916016,1900,0.0,0.0
2021-11-01,36.67841878291013,37.416573561476824,36.36918951852908,36.648494720458984,3200,0.0,0.0
2021-11-02,36.52879158762122,36.52879158762122,35.94026091478762,36.199615478515625,4800,0.0,0.0
2021-11-03,34.91282733619016,36.059964613600606,34.7332753483312,35.67093276977539,5200,0.0,0.0
2021-11-04,36.03003882564426,36.71832275390625,36.03003882564426,36.71832275390625,1700,0.0,0.0
2021-11-05,37.147249914068205,38.264459321990174,37.147249914068205,37.895381927490234,7600,0.0,0.0
2021-11-08,37.75572918290347,38.493887811527706,37.65597976520664,38.05498504638672,3700,0.0,0.0
2021-11-09,38.224558632605486,38.784162209320904,37.31881918383291,38.46396255493164,12700,0.0,0.0
2021-11-10,38.05498530110203,40.55873223193616,37.90535736835889,39.112342834472656,13100,0.0,0.0
2021-11-11,39.311845220159114,40.897885315073474,39.311845220159114,40.63853454589844,6000,0.0,0.0
2021-11-12,40.55873098019712,41.39663900626675,40.059976293374625,41.237037658691406,6100,0.0,0.0
2021-11-15,41.037534707999185,43.59116005480436,40.74825607861497,41.89539337158203,30200,0.0,0.0
2021-11-16,41.66596599263244,43.092404667086264,40.55873000565956,42.00511932373047,10100,0.0,0.0
2021-11-17,44.55874071127054,44.55874071127054,41.067457996200545,42.85300064086914,16900,0.0,0.0
2021-11-18,41.38666464943852,42.234546075754345,41.38167603722833,41.49638748168945,12600,0.0,0.0
2021-11-19,41.10736128416646,42.19464667770362,40.58367113453392,41.14726257324219,12900,0.0,0.0
2021-11-22,41.24700952378466,42.793152038826406,40.173689265098794,41.09738540649414,7100,0.0,0.0
2021-11-23,41.222073592158615,42.38417286833984,41.09738492660774,41.396636962890625,3900,0.0,0.0
2021-11-24,40.90785587334974,42.90287452965971,39.89339059134397,42.09489440917969,6000,0.0,0.0
2021-11-26,41.38666460150015,41.72082932046846,39.90037399586775,40.11982727050781,3300,0.0,0.0
2021-11-29,40.19962717535116,40.84302118083258,40.050003051757805,40.05000305175781,7600,0.0,0.0
2021-11-30,40.04999923706055,41.270999908447266,38.83000183105469,39.5,14000,0.1,0.0
2021-12-01,43.143001556396484,43.143001556396484,39.40999984741211,39.599998474121094,8600,0.0,0.0
2021-12-02,39.599998474121094,41.361000061035156,38.77000045776367,38.77000045776367,6000,0.0,0.0
2021-12-03,38.79999923706055,39.630001068115234,36.06999969482422,36.06999969482422,12500,0.0,0.0
2021-12-06,36.5,38.59000015258789,36.5,38.38999938964844,4700,0.0,0.0
2021-12-07,37.630001068115234,38.63999938964844,37.5,37.5,1100,0.0,0.0
2021-12-08,37.52000045776367,40.060001373291016,37.3849983215332,39.5,3200,0.0,0.0
2021-12-09,38.720001220703125,39.349998474121094,37.5099983215332,37.5099983215332,2600,0.0,0.0
2021-12-10,39.939998626708984,39.9900016784668,38.189998626708984,39.0,3700,0.0,0.0
2021-12-13,38.0099983215332,39.79999923706055,38.0099983215332,39.459999084472656,4200,0.0,0.0
2021-12-14,39.970001220703125,41.119998931884766,38.52000045776367,41.119998931884766,7100,0.0,0.0
2021-12-15,40.25,43.01499938964844,39.38999938964844,42.5,5200,0.0,0.0
2021-12-16,42.5,42.56999969482422,41.31999969482422,42.56999969482422,6100,0.0,0.0
2021-12-17,42.150001525878906,44.13999938964844,41.0099983215332,44.13999938964844,7300,0.0,0.0
2021-12-20,43.040000915527344,43.08100128173828,41.88800048828125,43.0,3700,0.0,0.0
2021-12-21,42.61000061035156,43.900001525878906,42.61000061035156,43.900001525878906,5500,0.0,0.0
2021-12-22,44.5,44.5,44.5,44.5,900,0.0,0.0
2021-12-23,44.189998626708984,44.95000076293945,44.0099983215332,44.95000076293945,2200,0.0,0.0
2021-12-27,44.5,46.09000015258789,43.869998931884766,45.5,14700,0.0,0.0
2021-12-28,45.5,45.599998474121094,44.63999938964844,44.63999938964844,2400,0.0,0.0
2021-12-29,45.220001220703125,45.220001220703125,43.9900016784668,44.599998474121094,5400,0.0,0.0
2021-12-30,44.650001525878906,44.65999984741211,43.7400016784668,43.7400016784668,1600,0.0,0.0
2021-12-31,43.54999923706055,43.70000076293945,42.06999969482422,43.0,5600,0.0,0.0
2022-01-03,43.599998474121094,44.31999969482422,43.34000015258789,43.7599983215332,5700,0.0,0.0
2022-01-04,44.400001525878906,44.849998474121094,43.650001525878906,44.40999984741211,4000,0.0,0.0
2022-01-05,44.29999923706055,44.29999923706055,42.95500183105469,43.619998931884766,1900,0.0,0.0
2022-01-06,43.5,44.15999984741211,42.8650016784668,44.15999984741211,4200,0.0,0.0
2022-01-07,43.400001525878906,43.459999084472656,42.439998626708984,42.439998626708984,3000,0.0,0.0
2022-01-10,43.0,43.5,42.61000061035156,43.5,5800,0.0,0.0
2022-01-11,43.5,45.529998779296875,43.24800109863281,45.529998779296875,3600,0.0,0.0
2022-01-12,45.369998931884766,46.20000076293945,44.70000076293945,44.720001220703125,5500,0.0,0.0
2022-01-13,45.0,46.15999984741211,45.0,45.09000015258789,2100,0.0,0.0
2022-01-14,46.599998474121094,46.599998474121094,44.667999267578125,45.79999923706055,2400,0.0,0.0
2022-01-18,45.939998626708984,45.95000076293945,43.5099983215332,43.5099983215332,7100,0.0,0.0
2022-01-19,43.939998626708984,44.130001068115234,43.38999938964844,43.38999938964844,1300,0.0,0.0
2022-01-20,44.970001220703125,44.970001220703125,43.0,43.25,18500,0.0,0.0
2022-01-21,42.90999984741211,43.20000076293945,42.06100082397461,42.16999816894531,5800,0.0,0.0
2022-01-24,42.61000061035156,44.06999969482422,42.59000015258789,44.06999969482422,4700,0.0,0.0
2022-01-25,44.220001220703125,46.349998474121094,44.220001220703125,46.349998474121094,2500,0.0,0.0
2022-01-26,46.349998474121094,46.349998474121094,44.91999816894531,44.91999816894531,2600,0.0,0.0
2022-01-27,45.43000030517578,47.5,44.95000076293945,45.4900016784668,1700,0.0,0.0
2022-01-28,47.0,47.0,44.95000076293945,45.84000015258789,3000,0.0,0.0
2022-01-31,45.599998474121094,46.70000076293945,44.849998474121094,44.900001525878906,4000,0.0,0.0
2022-02-01,45.0,45.459999084472656,42.095001220703125,42.77000045776367,10300,0.0,0.0
2022-02-02,43.0,43.0,41.73899841308594,41.91999816894531,3100,0.0,0.0
2022-02-03,41.61000061035156,41.61000061035156,39.939998626708984,39.939998626708984,2100,0.0,0.0
2022-02-04,40.70000076293945,43.29999923706055,40.70000076293945,40.95000076293945,8500,0.0,0.0
