Date,Open,High,Low,Close,Volume,Dividends,Stock Splits
2017-02-06,7.1551499366760245,7.177889282088488,7.1551499366760245,7.155149936676025,67000,0.0,0
2017-02-07,7.155148667971296,7.170308228891609,7.132410049438477,7.132410049438477,65500,0.0,0
2017-02-08,7.1551499366760245,7.1551499366760245,7.124831532307185,7.155149936676025,39800,0.0,0
2017-02-09,7.139991095915494,7.1551499366760245,7.11725247335081,7.155149936676025,45400,0.0,0
2017-02-10,7.132409143702535,7.1551477593478054,7.132409143702535,7.147568702697754,94700,0.0,0
2017-02-13,7.139991095915494,7.177889282088488,7.13241131411134,7.155149936676025,86900,0.0,0
2017-02-14,7.1475699927869485,7.193047232285831,7.1475699927869485,7.1778883934021,116300,0.0,0
2017-02-15,7.162728809093484,7.170308589935303,7.1324104085738975,7.170308589935303,40800,0.0,0
2017-02-16,7.147569610358789,7.162728448431452,7.12483026897832,7.132410049438477,43800,0.0,0
2017-02-17,7.086933738090228,7.132410981096247,7.086933738090228,7.124831199645996,41400,0.0,0
2017-02-21,7.124831532307185,7.1551499366760245,7.11725247335081,7.155149936676025,82300,0.0,0
2017-02-22,7.170308450199436,7.200626850128174,7.147569830964801,7.200626850128174,38400,0.0,0
2017-02-23,7.208207628992357,7.238526033119493,7.200627847248629,7.215787410736084,59200,0.0,0
2017-02-24,7.2006276388033985,7.238525823577177,7.177889017078232,7.2233662605285645,59800,0.0,0
2017-02-27,7.223366282448054,7.238525845542668,7.200627660653886,7.230946063995361,62200,0.0,0
2017-02-28,7.223366282448054,7.238525845542668,7.215787223748501,7.230946063995361,45600,0.0,0
2017-03-01,7.238526033119493,7.238526033119493,7.193048065504903,7.215787410736084,90300,0.0,0
2017-03-02,7.208207686457327,7.230946309022012,7.1551499366760245,7.155149936676025,60800,0.0,0
2017-03-03,7.17030861253639,7.193047232285831,7.139990211921238,7.1778883934021,106900,0.0,0
2017-03-06,7.162730525416847,7.185469150543213,7.1475716829485565,7.185469150543213,97200,0.0,0
2017-03-07,7.177889159833351,7.193048000335693,7.147570755980901,7.193048000335693,51800,0.0,0
2017-03-08,7.170307318343025,7.170307318343025,7.132409143702535,7.147568702697754,66600,0.0,0
2017-03-09,7.124830231145645,7.124830231145645,7.033875034649685,7.049034595489502,76800,0.0,0
2017-03-10,7.05661437590941,7.086932774741396,6.995976855397791,7.049034595489502,126500,0.0,0
2017-03-13,7.071774670582441,7.071774670582441,7.026297424390645,7.056615829467773,30800,0.0,0
2017-03-14,7.041456410702149,7.041456410702149,7.018717787137374,7.026297569274902,45800,0.0,0
2017-03-15,7.026297588031921,7.109673023223877,6.99597845940087,7.109673023223877,59600,0.0,0
2017-03-16,7.117251992971744,7.117251992971744,7.049035407034192,7.0793538093566895,101200,0.0,0
2017-03-17,7.07935303191268,7.132410049438477,7.07935303191268,7.132410049438477,63900,0.0,0
2017-03-20,7.147570755980901,7.193048000335693,7.124831410955738,7.193048000335693,50500,0.0,0
2017-03-21,7.230945390974476,7.230945390974476,7.1324104085738975,7.170308589935303,47500,0.0,0
2017-03-22,7.170309500284334,7.193048122849018,7.124831532307185,7.155149936676025,22100,0.0,0
2017-03-23,7.162730525416847,7.193048933201288,7.155150742758772,7.185469150543213,59200,0.0,0
2017-03-24,7.193047232285831,7.193047232285831,7.162728831670679,7.1778883934021,73000,0.0,0
2017-03-27,7.132411810501091,7.18546884112719,7.018717966917214,7.1627302169799805,98100,0.0,0
2017-03-28,7.14757137516445,7.177889781643339,7.14757137516445,7.1627302169799805,79100,0.0,0
2017-03-29,7.170432107122854,7.2166428565979,7.16273007070814,7.2166428565979,53200,0.15,0
2017-03-30,7.224342823028565,7.224342823028565,7.185833386495685,7.2243428230285645,202500,0.0,0
2017-03-31,7.216642130836721,7.216642130836721,7.1858347227827135,7.193536758422852,132500,0.0,0
2017-04-03,7.1858354454456626,7.2166428565979,7.1858354454456626,7.2166428565979,54300,0.0,0
2017-04-04,7.185835361480713,7.201239434130148,7.170432023337889,7.185835361480713,58900,0.0,0
2017-04-05,7.193536692511691,7.208940029144287,7.185834656942122,7.208940029144287,49100,0.0,0
2017-04-06,7.316768244657368,7.316768244657368,7.193538581215795,7.232048034667969,217500,0.0,0
2017-04-07,7.247449171299541,7.301361949032957,7.232045835307069,7.270554542541504,189200,0.0,0
2017-04-10,7.285959575375237,7.339872360229492,7.270555502841676,7.339872360229492,141200,0.0,0
2017-04-11,7.347574005445494,7.3706793785095215,7.3167665965246,7.3706793785095215,82100,0.0,0
2017-04-12,7.362977027893066,7.386082397664448,7.332169623362403,7.362977027893066,96400,0.0,0
2017-04-13,7.370680726098998,7.43229555520589,7.370680726098998,7.4091901779174805,86900,0.0,0
2017-04-17,7.439996394868437,7.455400466918945,7.424593057324511,7.455400466918945,125500,0.0,0
2017-04-18,7.447697976049346,7.5093127914752875,7.432293904939592,7.50161075592041,154400,0.0,0
2017-04-19,7.501609963207782,7.555523471888217,7.470802558750302,7.493907928466797,128900,0.0,0
2017-04-20,7.501610830675528,7.517014901938786,7.439996014635582,7.463101387023926,77100,0.0,0
2017-04-21,7.478505449576316,7.486207485198975,7.416890633608139,7.486207485198975,58000,0.0,0
2017-04-24,7.517014342200188,7.524716377258301,7.47850490141611,7.524716377258301,83300,0.0,0
2017-04-25,7.517014980316162,7.517014980316162,7.455400163633779,7.517014980316162,113400,0.0,0
2017-04-26,7.517014827030164,7.5324181636333805,7.455400011604223,7.50161075592041,97800,0.0,0
2017-04-27,7.509313020070474,7.509313020070474,7.447698202768882,7.478505611419678,94200,0.0,0
2017-04-28,7.478505536263035,7.524717016028098,7.455400163633779,7.517014980316162,55400,0.0,0
2017-05-01,7.517014431135796,7.586331278465942,7.517014431135796,7.555523872375488,53900,0.0,0
2017-05-02,7.5709287365331726,7.594034112138739,7.532419287519464,7.563226699829102,89600,0.0,0
2017-05-03,7.570928886047253,7.586332959759602,7.48620868414932,7.509314060211182,86500,0.0,0
2017-05-04,7.501609963207782,7.5093119979487675,7.447697189033807,7.493907928466797,69000,0.0,0
2017-05-05,7.501609963207782,7.501609963207782,7.470802558750302,7.493907928466797,50600,0.0,0
2017-05-08,7.486207493918814,7.501610830675528,7.447698050267212,7.463101387023926,85700,0.0,0
2017-05-09,7.47080334820744,7.50161075592041,7.47080334820744,7.50161075592041,78800,0.0,0
2017-05-10,7.5093127174077905,7.5401201248168945,7.4708032745197785,7.5401201248168945,193000,0.0,0
2017-05-11,7.532418089337987,7.555524195774712,7.501610681928883,7.5401201248168945,135700,0.0,0
2017-05-12,7.547822874634382,7.586332321166992,7.540120838426539,7.586332321166992,86400,0.0,0
2017-05-15,7.594034821332498,7.617140933602551,7.586333518415862,7.609438896179199,52900,0.0,0
2017-05-16,7.601734799772015,7.617138870446415,7.5940327644348145,7.5940327644348145,33600,0.0,0
2017-05-17,7.5786294282669315,7.617138870446415,7.563225357592532,7.5940327644348145,56000,0.0,0
2017-05-18,7.501612267627863,7.547823755763019,7.4554015139993925,7.532419681549072,91800,0.0,0
2017-05-19,7.54012077178347,7.601735591888427,7.54012077178347,7.601735591888428,62900,0.0,0
2017-05-22,7.6094388961792,7.632544273942537,7.6017368587558485,7.609438896179199,131900,0.0,0
2017-05-23,7.663352004222371,7.663352004222371,7.5863338303422605,7.617141246795654,73200,0.0,0
2017-05-24,7.640245833156015,7.678755283355713,7.617140456838864,7.678755283355713,403100,0.0,0
2017-05-25,7.701858610563007,7.80968489553322,7.686454540778773,7.732666015625,140100,0.0,0
2017-05-26,7.724964045353629,7.7326660803101746,7.717262744903564,7.7172627449035645,63400,0.0,0
2017-05-30,7.748071749862514,7.748071749862514,7.686456191995699,7.709562301635742,49000,0.0,0
2017-05-31,7.709560709947018,7.740368115266721,7.67105126967077,7.7172627449035645,122600,0.0,0
2017-06-01,7.7249666752699335,7.740370750427246,7.701861297040696,7.740370750427246,76600,0.0,0
2017-06-02,7.740368777076436,7.763474149415127,7.709561369122668,7.755772113800049,53500,0.0,0
2017-06-05,7.70956318567849,7.771178016103941,7.70956318567849,7.724966526031494,104200,0.0,0
2017-06-06,7.717265372198009,7.778880203813795,7.717265372198009,7.740370750427246,29100,0.0,0
2017-06-07,7.755771952124823,7.794281394890909,7.740368615722305,7.763473987579346,38700,0.0,0
2017-06-08,7.755773055997173,7.778879165649414,7.740369717402311,7.778879165649414,183200,0.0,0
2017-06-09,7.786579132080077,7.7942811673097125,7.7634737608976785,7.786579132080078,102500,0.0,0
2017-06-12,7.778877831356949,7.786579132080077,7.755771725668043,7.786579132080078,160800,0.0,0
2017-06-13,7.7711771290986675,7.778879165649414,7.717264342256703,7.778879165649414,76100,0.0,0
2017-06-14,7.794282111603937,7.809686183929444,7.786580075441183,7.809686183929443,81700,0.0,0
2017-06-15,7.801983430345432,7.801983430345432,7.763473987579346,7.763473987579346,86400,0.0,0
2017-06-16,7.748071930690776,7.825090094435176,7.748071930690776,7.81738805770874,133600,0.0,0
2017-06-19,7.83279155791111,7.83279155791111,7.794282111603937,7.809686183929443,32000,0.0,0
2017-06-20,7.8019841477666905,7.809686183929444,7.763474701459518,7.809686183929443,107100,0.0,0
2017-06-21,7.8096855320033525,7.8096855320033525,7.748070716857911,7.74807071685791,152500,0.0,0
2017-06-22,7.7480710513598225,7.801983833312988,7.7480710513598225,7.801983833312988,56800,0.0,0
2017-06-23,7.809685869165317,7.809685869165317,7.7865797616083325,7.801983833312988,68200,0.0,0
2017-06-26,7.81738805770874,7.825090094435176,7.801984718762521,7.81738805770874,36800,0.0,0
2017-06-27,7.809685465799956,7.81738676674795,7.763473987579346,7.763473987579346,45900,0.0,0
2017-06-28,7.818201383618486,7.826019763946532,7.79474698823613,7.826019763946533,29800,0.15,0
2017-06-29,7.786929019734929,7.802565035616178,7.7087467035232065,7.7556562423706055,79300,0.0,0
2017-06-30,7.794750012947141,7.794750012947141,7.724386053893931,7.732204437255859,76600,0.0,0
2017-07-03,7.771292034360904,7.771292034360904,7.638383293592997,7.693110466003418,54100,0.0,0
2017-07-05,7.638383451096131,7.724383401743223,7.638383451096131,7.6852922439575195,75100,0.0,0
2017-07-06,7.654019084896497,7.661837465183847,7.6305646896362305,7.6305646896362305,88600,0.0,0
2017-07-07,7.630565651778984,7.73220237152462,7.630565651778984,7.7165656089782715,66500,0.0,0
2017-07-10,7.732203220681658,7.77129364013672,7.724384838549863,7.771293640136719,34600,0.0,0
2017-07-11,7.786931629585212,7.786931629585212,7.732204437255859,7.732204437255859,70700,0.0,0
2017-07-12,7.747838920778792,7.794748466038847,7.747838920778792,7.786930084228516,82000,0.0,0
2017-07-13,7.786929289520714,7.794747670533127,7.779110908508302,7.779110908508301,37200,0.0,0
2017-07-14,7.802565574645996,7.802565574645996,7.794747938966213,7.802565574645996,37400,0.0,0
2017-07-17,7.818202655128639,7.818202655128639,7.802565891929467,7.810384273529053,36200,0.0,0
2017-07-18,7.818202128232532,7.857293287994065,7.810383747159853,7.849474906921387,60200,0.0,0
2017-07-19,7.833838573588953,7.872928986167871,7.833838573588953,7.865111351013184,41500,0.0,0
2017-07-20,7.857293397162929,7.888566176286287,7.857293397162929,7.8807477951049805,28500,0.0,0
2017-07-21,7.880750340951879,7.888568724658885,7.865114319139975,7.872931957244873,35400,0.0,0
2017-07-24,7.872931957244873,7.888568724658885,7.865114319139975,7.872931957244873,33500,0.0,0
2017-07-25,7.8807473669243855,7.8807473669243855,7.857292970256669,7.865111351013184,48000,0.0,0
2017-07-26,7.880747159762728,7.88856554031372,7.865111144262551,7.888565540313721,49700,0.0,0
2017-07-27,7.8807477951049805,7.888566176286287,7.8807477951049805,7.8807477951049805,33500,0.0,0
2017-07-28,7.865111351013184,7.8885657476809,7.865111351013184,7.865111351013184,11600,0.0,0
2017-07-31,7.88856554031372,7.88856554031372,7.872928779211736,7.888565540313721,48700,0.0,0
2017-08-01,7.888568724658885,7.904204746470788,7.872931957244873,7.872931957244873,69300,0.0,0
2017-08-02,7.904201555813897,7.904201555813897,7.849474383160566,7.888565540313721,45200,0.0,0
2017-08-03,7.896382443570261,7.904200077056885,7.88074568539368,7.904200077056885,39800,0.0,0
2017-08-04,7.90420256881619,7.9354753494262695,7.90420256881619,7.9354753494262695,23600,0.0,0
2017-08-07,7.943293094635009,7.943293094635009,7.9198386974568775,7.94329309463501,54600,0.0,0
2017-08-08,7.9354749721703906,7.9354749721703906,7.8807477951049805,7.8807477951049805,29600,0.0,0
2017-08-09,7.865112306832611,7.888566706350657,7.8338395256079085,7.8416571617126465,35700,0.0,0
2017-08-10,7.826020718490975,7.841656735452418,7.755656778159791,7.802565574645996,74400,0.0,0
2017-08-11,7.607110620572384,7.888566385758215,7.607110620572384,7.857293605804443,153900,0.0,0
2017-08-14,7.880746296116908,7.888564675811089,7.833837509155273,7.833837509155273,85100,0.0,0
2017-08-15,7.833838999220876,7.888566176286287,7.833838999220876,7.8807477951049805,64300,0.0,0
2017-08-16,7.896385192871094,7.912021210890033,7.88856681106066,7.896385192871094,63400,0.0,0
2017-08-17,7.896385192871094,7.912021210890033,7.865112411231288,7.896385192871094,28400,0.0,0
2017-08-18,7.888566176286287,7.896384557467593,7.857293397162929,7.8807477951049805,45500,0.0,0
2017-08-21,7.865111778344235,7.896384557467593,7.865111778344235,7.8807477951049805,15700,0.0,0
2017-08-22,7.88074568539368,7.927655214321757,7.88074568539368,7.904200077056885,25200,0.0,0
2017-08-23,7.896382443570261,7.904200077056885,7.896382443570261,7.904200077056885,31900,0.0,0
2017-08-24,7.9120199363648895,7.9198383169158815,7.880747159762728,7.888565540313721,30300,0.0,0
2017-08-25,7.896384300278746,7.943293094635009,7.888565919352088,7.94329309463501,67500,0.0,0
2017-08-28,7.943293094635009,7.951111475561667,7.9198386974568775,7.94329309463501,17500,0.0,0
2017-08-29,7.927658241082119,7.943294259626827,7.919839859008789,7.919839859008789,18800,0.0,0
2017-08-30,7.919839331922181,7.9354753494262695,7.8963849328650975,7.9354753494262695,66200,0.0,0
2017-08-31,7.927658241082119,7.943294259626827,7.919839859008789,7.919839859008789,87700,0.0,0
2017-09-01,7.935474396883283,7.9589295387268075,7.91983838125608,7.958929538726807,57800,0.0,0
2017-09-05,7.927657078383536,7.943293094635009,7.888565919352088,7.94329309463501,79100,0.0,0
2017-09-06,7.935475877553497,7.943294259626827,7.912021476935459,7.919839859008789,63100,0.0,0
2017-09-07,7.9589295387268075,7.966747173739502,7.935474396883283,7.958929538726807,72300,0.0,0
2017-09-08,7.966747601784022,7.982384363853185,7.935474823247552,7.9745659828186035,87900,0.0,0
2017-09-11,7.982385956473138,7.990204339067618,7.966749191284179,7.96674919128418,100200,0.0,0
2017-09-12,7.9667464444513625,7.998019218444824,7.958928810154306,7.998019218444824,94300,0.0,0
2017-09-13,7.990202108439163,8.005838123661006,7.966746967203707,7.982383728027344,52200,0.0,0
2017-09-14,7.966749191284179,7.982385956473138,7.935476406508263,7.96674919128418,59000,0.0,0
2017-09-15,7.982384998928109,7.998021016639412,7.9589305995601975,7.990203380584717,172400,0.0,0
2017-09-18,7.958929856488326,7.990202634593115,7.943293094635009,7.94329309463501,42000,0.0,0
2017-09-19,7.966748235614893,7.990203380584717,7.966748235614893,7.990203380584717,32600,0.0,0
2017-09-20,7.990201426603163,8.013655820235368,7.990201426603163,8.005837440490723,74400,0.0,0
2017-09-21,7.990201426603163,8.013655820235368,7.9745646671138735,8.005837440490723,59400,0.0,0
2017-09-22,8.013656457890074,8.021474838256836,7.99020206239158,8.021474838256836,49600,0.0,0
2017-09-25,7.998021016639412,8.029294543265843,7.974566617271501,7.990203380584717,27800,0.0,0
2017-09-26,7.9667462873692285,8.021474199980013,7.9667462873692285,8.005837440490723,27500,0.0,0
2017-09-27,7.982384998928109,8.00583939829602,7.95111221790359,7.990203380584717,68600,0.0,0
2017-09-28,7.9902043648754075,7.998131336409751,7.966424206229992,7.9822773933410645,28400,0.14,0
2017-09-29,7.966424206229992,8.013984523520824,7.966424206229992,7.9822773933410645,76200,0.0,0
2017-10-02,7.974350165874806,8.0139835066021,7.974350165874806,7.9981303215026855,44500,0.0,0
2017-10-03,7.9981303215026855,7.9981303215026855,7.96642319534634,7.9981303215026855,27600,0.0,0
2017-10-04,8.006055578364702,8.0219087600708,8.006055578364702,8.0219087600708,33000,0.0,0
2017-10-05,7.998130351142559,8.006057321700402,7.950569283753028,7.990203380584717,41400,0.0,0
2017-10-06,7.958496669387724,8.006057739257812,7.958496669387724,8.006057739257812,77900,0.0,0
2017-10-09,8.013981819152832,8.013981819152832,8.006055606250852,8.013981819152832,18100,0.0,0
2017-10-10,8.006055578364702,8.053615879440356,8.006055578364702,8.0219087600708,39200,0.0,0
2017-10-11,8.037763369288102,8.061543521812757,8.029836399794078,8.045689582824707,45400,0.0,0
2017-10-12,8.029837578597645,8.053617734613296,8.021910607939917,8.037764549255371,60000,0.0,0
2017-10-13,8.053616552318733,8.053616552318733,8.037763369288102,8.045689582824707,43900,0.0,0
2017-10-16,8.045690763955568,8.053617734613296,8.021910607939917,8.037764549255371,41900,0.0,0
2017-10-17,8.037764549255371,8.045690763955568,8.021910607939917,8.037764549255371,16500,0.0,0
2017-10-18,8.061543521812757,8.069470491306781,8.037763369288102,8.045689582824707,61600,0.0,0
2017-10-19,8.045688546485366,8.069469451904297,8.013981428550778,8.069469451904297,44800,0.0,0
2017-10-20,8.085324729443256,8.085324729443256,7.9981303215026855,7.9981303215026855,46900,0.0,0
2017-10-23,8.006055606250852,8.045688938632827,7.990201668532175,8.013981819152832,30600,0.0,0
2017-10-24,8.021910477130564,8.021910477130564,7.974350165874806,7.9981303215026855,34300,0.0,0
2017-10-25,7.990202740647256,7.990202740647256,7.942642433024363,7.958495616912842,37800,0.0,0
2017-10-26,7.950569410080466,7.950569410080466,7.93471622467041,7.93471622467041,24800,0.0,0
2017-10-27,7.93471549204856,7.966422615898648,7.926788522096672,7.950568675994873,45100,0.0,0
2017-10-30,7.926787961521233,7.974349021911621,7.926787961521233,7.974349021911621,23600,0.0,0
2017-10-31,7.966423224868712,7.998130351142559,7.966423224868712,7.990203380584717,41100,0.0,0
2017-11-01,7.9822768263439885,8.013983954271527,7.9822768263439885,8.006057739257812,54200,0.0,0
2017-11-02,8.006055578364702,8.045688910608629,7.9822746718695194,8.0219087600708,38800,0.0,0
2017-11-03,7.990202204736811,8.0139823569533,7.950568113737723,7.974349021911621,45100,0.0,0
2017-11-06,8.02983846658951,8.02983846658951,7.887156002801787,7.9822773933410645,61500,0.0,0
2017-11-07,7.966423249912325,7.966423249912325,7.887155055999756,7.887155055999756,74700,0.0,0
2017-11-08,7.903007340215289,7.910933553178713,7.871300220489503,7.871300220489502,58000,0.0,0
2017-11-09,7.8633741274402045,7.879227311090242,7.784105941317672,7.815813064575195,82800,0.0,0
2017-11-10,7.8395939450421155,7.8395939450421155,7.760325759212248,7.823740005493164,70600,0.0,0
2017-11-13,7.77617914771855,7.77617914771855,7.720691119186707,7.744472026824951,90500,0.0,0
2017-11-14,7.696910576760271,7.72861769604421,7.681056639139625,7.720690727233887,60900,0.0,0
2017-11-15,7.6969122886657715,7.7206924444284395,7.601790909657574,7.6969122886657715,93800,0.0,0
2017-11-16,7.696910242336825,7.768251446615317,7.696910242336825,7.760324478149414,91100,0.0,0
2017-11-17,7.7444718244916775,7.847519397735596,7.7444718244916775,7.847519397735596,38400,0.0,0
2017-11-20,7.823740005493164,7.8395939450421155,7.815813035718688,7.823740005493164,26300,0.0,0
2017-11-21,7.83166748999714,7.910934925079347,7.83166748999714,7.910934925079346,27900,0.0,0
2017-11-22,7.847519227893784,7.926787404319926,7.839593015017055,7.91886043548584,45600,0.0,0
2017-11-24,7.903007225942655,7.926787376403809,7.895080257136487,7.926787376403809,10800,0.0,0
2017-11-27,7.934714656032304,7.934714656032304,7.87130041501357,7.89508056640625,13000,0.0,0
2017-11-28,7.934715909151138,7.966423034667969,7.895081813265725,7.966423034667969,71200,0.0,0
2017-11-29,7.926788865670285,7.950569020599197,7.871301585516991,7.910934925079346,34200,0.0,0
2017-11-30,7.918861645131002,7.93471558522094,7.895081490953566,7.903008460998535,45400,0.0,0
2017-12-01,7.918861645131002,7.942642555265909,7.895081490953566,7.903008460998535,39100,0.0,0
2017-12-04,7.910934553332488,7.958495616912842,7.847520305863658,7.958495616912842,63300,0.0,0
2017-12-05,7.958494523698911,7.958494523698911,7.87130013439604,7.91886043548584,54500,0.0,0
2017-12-06,7.879226967908753,7.918861059243747,7.839593632531174,7.855446815490723,38600,0.0,0
2017-12-07,7.847519397735596,7.879226517800809,7.823739246676028,7.847519397735596,75200,0.0,0
2017-12-08,7.82373969361421,7.855446815490723,7.8158127241557285,7.855446815490723,54900,0.0,0
2017-12-11,7.831666663072692,7.871300754407686,7.831666663072692,7.855446815490723,44800,0.0,0
2017-12-12,7.831666634647262,7.863373756408691,7.831666634647262,7.863373756408691,38600,0.0,0
2017-12-13,7.8316663814445295,7.879226684570313,7.8316663814445295,7.8792266845703125,66300,0.0,0
2017-12-14,7.879226684570313,7.879226684570313,7.847519563833995,7.8792266845703125,44600,0.0,0
2017-12-15,7.87922634727277,7.934714373154011,7.87922634727277,7.91886043548584,71900,0.0,0
2017-12-18,7.926787404319926,7.958494523698911,7.918860435485841,7.91886043548584,37300,0.0,0
2017-12-19,7.934714656032304,7.942641625148991,7.863373445896882,7.89508056640625,125100,0.0,0
2017-12-20,7.903007535522937,7.9109337486822415,7.887153597289562,7.89508056640625,229700,0.0,0
2017-12-21,7.911159515380859,8.015676957089372,7.887040341674189,7.911159515380859,107400,0.14,0
2017-12-22,7.919200345225823,7.975478678824724,7.91116036421604,7.967438697814941,61000,0.0,0
2017-12-26,7.919200345225823,7.967438697814941,7.919200345225823,7.967438697814941,23100,0.0,0
2017-12-27,7.967438838575774,8.015677958751922,7.967438838575774,8.007637977600098,38200,0.0,0
2017-12-28,8.007637672576129,8.039796829223633,7.975478515928626,8.039796829223633,26800,0.0,0
2017-12-29,8.007638683263217,8.04783782583004,8.007638683263217,8.023717880249023,61400,0.0,0
2018-01-02,8.031758442722992,8.0719575881958,8.023718460281446,8.0719575881958,76500,0.0,0
2018-01-03,8.063916822931471,8.063916822931471,7.999598503112794,7.999598503112793,58900,0.0,0
2018-01-04,8.015677278771102,8.063915628120322,7.95939818221736,7.983518123626709,30500,0.0,0
2018-01-05,8.007638424161529,8.023717620627062,7.991558460961147,8.015678405761719,39000,0.0,0
2018-01-08,8.023716492506146,8.023716492506146,7.975478143156925,7.983518123626709,57700,0.0,0
2018-01-09,7.959399638931232,7.991558799961332,7.951360423724865,7.975479602813721,48200,0.0,0
2018-01-10,7.99155871954254,8.023717880249023,7.959399558836056,8.023717880249023,73800,0.0,0
2018-01-11,7.991558015296446,8.023717173168945,7.975478819727599,8.007637977600098,52900,0.0,0
2018-01-12,7.991558151781058,8.031757291491926,7.9192006203832745,7.943319797515869,103800,0.0,0
2018-01-16,7.959399638931232,7.999598781902577,7.951360423724865,7.975479602813721,36800,0.0,0
2018-01-17,7.983518384116662,7.991557598114014,7.9593984419203165,7.991557598114014,26000,0.0,0
2018-01-18,7.9995978551192835,7.9995978551192835,7.798602930283447,7.967438697814941,52000,0.0,0
2018-01-19,7.959399501701577,7.975479465306829,7.911161144355553,7.9352803230285645,39800,0.0,0
2018-01-22,7.967439253168266,7.967439253168266,7.911160915646604,7.919200897216797,41500,0.0,0
2018-01-23,7.903119939216085,7.975478230769529,7.903119939216085,7.95939826965332,38400,0.0,0
2018-01-24,7.967439034881714,7.975479016231633,7.9272398948669425,7.927239894866943,65200,0.0,0
2018-01-25,7.9272398948669425,7.951359838916699,7.911160698901928,7.927239894866943,26700,0.0,0
2018-01-26,7.919201126158179,7.9433203048311904,7.919201126158179,7.9352803230285645,116900,0.0,0
2018-01-29,7.919199770050394,7.919199770050394,7.879000634655952,7.887040615081787,41600,0.0,0
2018-01-30,7.822723934459078,7.879003047943114,7.790564769640329,7.879003047943115,74800,0.0,0
2018-01-31,7.854882362922142,7.9272398948669425,7.854882362922142,7.927239894866943,32700,0.0,0
2018-02-01,7.911161144355553,7.9433203048311904,7.911161144355553,7.9352803230285645,32400,0.0,0
2018-02-02,7.911159789624558,7.911159789624558,7.8388014992615105,7.887040615081787,58000,0.0,0
2018-02-05,7.8146818389110395,7.838801011954418,7.661925287255375,7.6699652671813965,54400,0.0,0
2018-02-06,7.621727469582645,7.734284907766057,7.54936993796633,7.726244926452637,54000,0.0,0
2018-02-07,7.718205850957651,7.766444206237793,7.718205850957651,7.766444206237793,51500,0.0,0
2018-02-08,7.742325305938721,7.766444484442775,7.726245342446111,7.742325305938721,32000,0.0,0
2018-02-09,7.742324628358563,7.758403823709119,7.718205451965332,7.718205451965332,63800,0.0,0
2018-02-12,7.710165700665182,7.75036484034159,7.702125719382937,7.7342848777771,55800,0.0,0
2018-02-13,7.734284647315889,7.750364609401238,7.710165470922657,7.718205451965332,43500,0.0,0
2018-02-14,7.678007187120558,7.718206330173155,7.653888007982952,7.661927223205566,75000,0.0,0
2018-02-15,7.669965033998143,7.686044993361322,7.653885841369629,7.653885841369629,36800,0.0,0
2018-02-16,7.653885926709943,7.66996511951774,7.621726007625005,7.62976598739624,35400,0.0,0
2018-02-20,7.6297683406554775,7.686047449677685,7.6297683406554775,7.637808322906494,28700,0.0,0
2018-02-21,7.661926686229287,7.702125826464578,7.621727545993995,7.678006649017334,37100,0.0,0
2018-02-22,7.694085814969543,7.702125796332113,7.661926656254089,7.686046600341797,36500,0.0,0
2018-02-23,7.710165470922657,7.726244666273214,7.7021254898799825,7.718205451965332,34900,0.0,0
2018-02-26,7.69408576793378,7.742324889079476,7.69408576793378,7.726244926452637,56100,0.0,0
2018-02-27,7.718205789252626,7.726245003911823,7.678006649017334,7.678006649017334,24800,0.0,0
2018-02-28,7.710165530421125,7.750364669209917,7.661926410527613,7.702125549316406,51800,0.0,0
2018-03-01,7.694085020377109,7.694085020377109,7.597607554194279,7.613687515258789,44000,0.0,0
2018-03-02,7.597608673826188,7.6458477973938,7.597608673826188,7.645847797393799,32900,0.0,0
2018-03-05,7.621728358404461,7.645848305157511,7.6136891428883535,7.637808322906494,71500,0.0,0
2018-03-06,7.6699663916323315,7.702125549316406,7.661926410527613,7.702125549316406,41000,0.0,0
2018-03-07,7.669965945976849,7.702125101792348,7.661925965339285,7.694085121154785,33400,0.0,0
2018-03-08,7.718205711874037,7.726244926452638,7.69408576793378,7.726244926452637,16600,0.0,0
2018-03-09,7.7825240289117525,7.7825240289117525,7.710165730560618,7.726244926452637,60900,0.0,0
2018-03-12,7.702125101792348,7.7342842576078485,7.694085121154785,7.694085121154785,68700,0.0,0
2018-03-13,7.702125519567205,7.726244696053401,7.702125519567205,7.710165500640869,17100,0.0,0
2018-03-14,7.718205511525842,7.726244725895762,7.694085568211688,7.702125549316406,11400,0.0,0
2018-03-15,7.710165777694682,7.718205759057252,7.686046600341797,7.686046600341797,16200,0.0,0
2018-03-16,7.678006618979228,7.702125796332113,7.678006618979228,7.686046600341797,18900,0.0,0
2018-03-19,7.702126135943631,7.702126135943631,7.613688637260345,7.645847797393799,69300,0.0,0
2018-03-20,7.645846700015235,7.645846700015235,7.605647563934326,7.605647563934326,54400,0.0,0
2018-03-21,7.621726007625005,7.637805967167474,7.613686794588443,7.62976598739624,24100,0.0,0
2018-03-22,7.597609519958495,7.621728701060983,7.597609519958495,7.597609519958496,53100,0.0,0
2018-03-23,7.645845946938708,7.653885926709943,7.6056468148172085,7.62976598739624,58600,0.0,0
2018-03-26,7.6297683406554775,7.6538882874085274,7.605649160637337,7.637808322906494,64800,0.0,0
2018-03-27,7.637808322906494,7.637808322906494,7.621728358404461,7.637808322906494,42600,0.0,0
2018-03-28,7.662287068598712,7.662287068598712,7.605166190625021,7.621486663818359,48600,0.14,0
2018-03-29,7.645968664997717,7.678608842016364,7.6378084261922545,7.662289142608643,21900,0.0,0
2018-04-02,7.654127176985283,7.678607109675645,7.654127176985283,7.670446872711182,42300,0.0,0
2018-04-03,7.6622885253449216,7.711248397827148,7.654128287196837,7.711248397827148,28400,0.0,0
2018-04-04,7.686767633529512,7.703087329864502,7.670447158991464,7.703087329864502,16400,0.0,0
2018-04-05,7.694927215576172,7.711246910521541,7.67044650585363,7.694927215576172,45000,0.0,0
2018-04-06,7.703088780229549,7.703088780229549,7.65412890380318,7.662289142608643,59700,0.0,0
2018-04-09,7.6622891426086435,7.686769080821827,7.645968664997717,7.662289142608643,52100,0.0,0
2018-04-10,7.6622874139497466,7.678607109675645,7.6622874139497466,7.670446872711182,35900,0.0,0
2018-04-11,7.670447579529328,7.711247989908302,7.662288120016014,7.686768054962158,49900,0.0,0
2018-04-12,7.678608417510987,7.694928894219649,7.678608417510987,7.678608417510986,30500,0.0,0
2018-04-13,7.703087042366006,7.703087042366006,7.654127176985283,7.670446872711182,43900,0.0,0
2018-04-16,7.670447579529328,7.686768054962158,7.670447579529328,7.686768054962158,63800,0.0,0
2018-04-17,7.6786078172457435,7.719408227624718,7.6786078172457435,7.686768054962158,38300,0.0,0
2018-04-18,7.694927236782394,7.719407168369408,7.621486663818359,7.621486663818359,52900,0.0,0
2018-04-19,7.629646667447041,7.629646667447041,7.605165958404541,7.605165958404541,43300,0.0,0
2018-04-20,7.605167812484315,7.605167812484315,7.5562079388692265,7.588848114013672,32300,0.0,0
2018-04-23,7.564367417540589,7.5970075894070845,7.556207180023194,7.556207180023193,32500,0.0,0
2018-04-24,7.588845973321279,7.597006209356308,7.564366043419132,7.572525501251221,44800,0.0,0
2018-04-25,7.572527230844421,7.572527230844421,7.548047295350966,7.564367771148682,28400,0.0,0
2018-04-26,7.564366043419132,7.572525501251221,7.556205807384103,7.572525501251221,38300,0.0,0
2018-04-27,7.572527230844421,7.588847706642136,7.564367771148682,7.564367771148682,21900,0.0,0
2018-04-30,7.564367771148682,7.572527230844421,7.564367771148682,7.564367771148682,29700,0.0,0
2018-05-01,7.572525501251221,7.58068573728625,7.539885335314045,7.572525501251221,19300,0.0,0
2018-05-02,7.52356804962017,7.556208226004942,7.482767634588408,7.499087333679199,44900,0.0,0
2018-05-03,7.425646237603459,7.499086038129266,7.425646237603459,7.4501261711120605,42300,0.0,0
2018-05-04,7.441965523618791,7.441965523618791,7.40116511788497,7.42564582824707,52500,0.0,0
2018-05-07,7.409325666833025,7.425646141095353,7.384845733642578,7.384845733642578,65900,0.0,0
2018-05-08,7.393005970773742,7.393005970773742,7.352205563320967,7.384845733642578,44400,0.0,0
2018-05-09,7.368525927703048,7.376686165574343,7.32772551654969,7.352206230163574,63400,0.0,0
2018-05-10,7.368525355145979,7.458286408349281,7.368525355145979,7.4501261711120605,36300,0.0,0
2018-05-11,7.4501260067533455,7.490926413836281,7.401165362613216,7.40932559967041,71300,0.0,0
2018-05-14,7.417485302298519,7.433804997034038,7.39300537109375,7.39300537109375,68700,0.0,0
2018-05-15,7.384846457765713,7.384846457765713,7.360366522174879,7.368525981903076,34100,0.0,0
2018-05-16,7.360366398805431,7.384846333985949,7.352206161010889,7.376686096191406,27600,0.0,0
2018-05-17,7.36852582102409,7.3930065342835505,7.311405713158223,7.327725410461426,33200,0.0,0
2018-05-18,7.327725958156809,7.327725958156809,7.2950857829076785,7.303246021270752,53800,0.0,0
2018-05-21,7.303244468419603,7.327724400100619,7.303244468419603,7.311404705047607,65900,0.0,0
2018-05-22,7.327724400100619,7.335884636728624,7.311404705047607,7.311404705047607,24800,0.0,0
2018-05-23,7.311406540597297,7.352206955777384,7.311406540597297,7.335886478424072,52600,0.0,0
2018-05-24,7.3195661800525365,7.376686289706565,7.3195661800525365,7.344046115875244,36500,0.0,0
2018-05-25,7.344045992292279,7.376686165574343,7.335885754420985,7.352206230163574,62100,0.0,0
2018-05-29,7.3766862198343945,7.3766862198343945,7.344046046312243,7.368525981903076,45000,0.0,0
2018-05-30,7.335885808380924,7.393006695697031,7.335885808380924,7.368525981903076,65100,0.0,0
2018-05-31,7.376686096191407,7.376686096191407,7.360366398805431,7.376686096191406,30800,0.0,0
2018-06-01,7.376685496511414,7.409325666833025,7.360365800452132,7.384845733642578,109900,0.0,0
2018-06-04,7.384846403445637,7.409326338856406,7.344045992292279,7.352206230163574,108100,0.0,0
2018-06-05,7.344045992292279,7.368525927703048,7.335885754420985,7.352206230163574,76100,0.0,0
2018-06-06,7.4011658139491985,7.4011658139491985,7.303245297900613,7.319565773010254,86600,0.0,0
2018-06-07,7.376687217765625,7.376687217765625,7.270606444917057,7.29508638381958,85000,0.0,0
2018-06-08,7.311405372858922,7.319565610232268,7.270604964195257,7.2787652015686035,52200,0.0,0
2018-06-11,7.278764847419425,7.286925084395734,7.246124677717218,7.270604610443115,46900,0.0,0
2018-06-12,7.262443728969901,7.2787642014741785,7.229803562164307,7.229803562164307,46600,0.0,0
2018-06-13,7.237965106964111,7.254285582418959,7.221645409712366,7.237965106964111,41400,0.0,0
2018-06-14,7.270606465966767,7.2869269440845175,7.246126526993371,7.254286766052246,62500,0.0,0
2018-06-15,7.24612685093924,7.2542870903629275,7.205326432024067,7.213486671447754,56300,0.0,0
2018-06-18,7.172685270349732,7.180845508656007,7.156365571940339,7.164525032043457,61800,0.0,0
2018-06-19,7.1400437786284945,7.189004421234131,6.976842933614732,7.189004421234131,97100,0.0,0
2018-06-20,7.189004666817877,7.205324362775245,7.164523955577266,7.172684192657471,43100,0.0,0
2018-06-21,7.205324116634,7.205324116634,7.172683947631247,7.189004421234131,25000,0.0,0
2018-06-22,7.22164433623782,7.27060419891843,7.22164433623782,7.246124267578125,83600,0.0,0
2018-06-25,7.237965904124387,7.270606080425837,7.197165489196777,7.197165489196777,44400,0.0,0
2018-06-26,7.229803562164307,7.2379637984164455,7.21348386786299,7.229803562164307,21400,0.0,0
2018-06-27,7.262446551583351,7.262446551583351,7.205326432024067,7.213486671447754,27400,0.0,0
2018-06-28,7.230066299438476,7.246648608623565,7.221774749483068,7.230066299438477,38000,0.14,0
2018-06-29,7.263233014917205,7.263233014917205,7.2134844969625975,7.254941463470459,69200,0.0,0
2018-07-02,7.221776008605958,7.238358320682187,7.2134844572049115,7.221776008605957,35500,0.0,0
2018-07-03,7.2134851087328835,7.238358974456787,7.196902795158926,7.238358974456787,31000,0.0,0
2018-07-05,7.263232366702824,7.271523917409582,7.2466492652893075,7.246649265289307,37200,0.0,0
2018-07-06,7.279814279749913,7.32127124029343,7.279814279749913,7.304688930511475,16400,0.0,0
2018-07-09,7.312980345365434,7.337854998356047,7.312980345365434,7.321271896362305,24200,0.0,0
2018-07-10,7.346146407275556,7.346146407275556,7.2963986783533645,7.329564094543457,25700,0.0,0
2018-07-11,7.321271937777535,7.354437351226807,7.321271937777535,7.354437351226807,62600,0.0,0
2018-07-12,7.354437045035074,7.3793109064049816,7.337854734363735,7.362728595733643,106700,0.0,0
2018-07-13,7.412477009525,7.412477009525,7.346146179204149,7.404186248779297,45100,0.0,0
2018-07-16,7.412477009525,7.420768560996574,7.379311594364575,7.404186248779297,81900,0.0,0
2018-07-17,7.387604061862514,7.412477928635602,7.3627301950894255,7.371021747589111,180300,0.0,0
2018-07-18,7.362728595733643,7.412476318473457,7.354437045035074,7.362728595733643,144500,0.0,0
2018-07-19,7.362728511345489,7.420767784118652,7.362728511345489,7.420767784118652,28700,0.0,0
2018-07-20,7.412476976597572,7.412476976597572,7.3793115615844735,7.379311561584473,32700,0.0,0
2018-07-23,7.3793115615844735,7.387603113019215,7.337855385862499,7.379311561584473,70000,0.0,0
2018-07-24,7.395894664453956,7.395894664453956,7.354437698006115,7.379311561584473,48800,0.0,0
2018-07-25,7.37931047333706,7.412475883459163,7.337854303728742,7.395893573760986,92200,0.0,0
2018-07-26,7.3793115615844735,7.404186215888697,7.354437698006115,7.379311561584473,55000,0.0,0
2018-07-27,7.395893923033838,7.420767784118652,7.37931082182677,7.420767784118652,108500,0.0,0
2018-07-30,7.395894664453956,7.404186215888697,7.3793115615844735,7.379311561584473,71500,0.0,0
2018-07-31,7.412475883459163,7.412475883459163,7.3710197138508455,7.395893573760986,39600,0.0,0
2018-08-01,7.346145494336507,7.37102014643221,7.337854734363735,7.362728595733643,54400,0.0,0
2018-08-02,7.337855646272454,7.3627295107335495,7.3212725428144605,7.329564094543457,60300,0.0,0
2018-08-03,7.346145494336507,7.362728595733643,7.337854734363735,7.362728595733643,57500,0.0,0
2018-08-06,7.420768178125348,7.420768178125348,7.346145800183031,7.354437351226807,120700,0.0,0
2018-08-07,7.3627295107335495,7.3627295107335495,7.329564094543457,7.329564094543457,47200,0.0,0
2018-08-08,7.346146407275556,7.3627295107335495,7.312980991085464,7.329564094543457,70700,0.0,0
2018-08-09,7.346146545506787,7.354438097391804,7.304690367533518,7.312981128692627,72800,0.0,0
2018-08-10,7.296398389763648,7.321272253240924,7.205192905803865,7.221776008605957,97600,0.0,0
2018-08-13,7.18861072353468,7.346146249369914,7.163736859608249,7.196902275085449,200100,0.0,0
2018-08-14,7.221774749483068,7.230066299438476,7.205191649572255,7.230066299438477,111800,0.0,0
2018-08-15,7.213484417080371,7.2217759684352965,7.18031900238653,7.188610553741455,194700,0.0,0
2018-08-16,7.2217766608828295,7.263233630906626,7.196902795158926,7.238358974456787,139200,0.0,0
2018-08-17,7.238358320682187,7.263232974885326,7.221776008605958,7.221776008605957,77500,0.0,0
2018-08-20,7.24665000982248,7.24665000982248,7.205193042755127,7.205193042755127,79700,0.0,0
2018-08-21,7.2217766608828295,7.25494207875668,7.2217766608828295,7.238358974456787,66700,0.0,0
2018-08-22,7.271524566363951,7.304689981425067,7.238358360576967,7.254941463470459,181200,0.0,0
2018-08-23,7.263232974885326,7.271524526286372,7.221776008605958,7.221776008605957,137200,0.0,0
2018-08-24,7.246649782522534,7.288106748289539,7.246649782522534,7.279815196990967,113100,0.0,0
2018-08-27,7.296399116516113,7.304690668743033,7.271525250561294,7.296399116516113,94800,0.0,0
2018-08-28,7.312979690039575,7.312979690039575,7.288105830003767,7.304688930511475,72100,0.0,0
2018-08-29,7.312980345365434,7.337854998356047,7.304689585094388,7.321271896362305,79300,0.0,0
2018-08-30,7.321272162757973,7.321272162757973,7.246649782522534,7.279815196990967,117600,0.0,0
2018-08-31,7.288106748289539,7.288106748289539,7.263232885119677,7.279815196990967,77900,0.0,0
2018-09-04,7.2632342441474895,7.2632342441474895,7.205194164923429,7.2134857177734375,59400,0.0,0
2018-09-05,7.205192905803865,7.238358320682187,7.196902145128682,7.221776008605957,93000,0.0,0
2018-09-06,7.246649831774214,7.246649831774214,7.163736690402539,7.188610553741455,157400,0.0,0
2018-09-07,7.19690210509638,7.205192865725446,7.155445139047613,7.188610553741455,108200,0.0,0
2018-09-10,7.188609428780508,7.196900978837871,7.172026328665782,7.1803178787231445,59800,0.0,0
2018-09-11,7.180317878723145,7.196900978837871,7.172026328665782,7.1803178787231445,75900,0.0,0
2018-09-12,7.196902281922359,7.2134845943137735,7.163736866413652,7.205193042755127,137100,0.0,0
2018-09-13,7.238358974456787,7.246650526606734,7.230068213032776,7.238358974456787,104900,0.0,0
2018-09-14,7.246650526606734,7.271525183056572,7.230068213032776,7.238358974456787,120300,0.0,0
2018-09-17,7.238359585597463,7.238359585597463,7.213485717773438,7.2134857177734375,49400,0.0,0
2018-09-18,7.238357058668158,7.238357058668158,7.196900890342572,7.230066299438477,57500,0.0,0
2018-09-19,7.238357058668158,7.246648608623565,7.221774749483068,7.230066299438477,118800,0.0,0
2018-09-20,7.254941633173756,7.263233184814452,7.230067768977551,7.263233184814453,105400,0.0,0
2018-09-21,7.27152473645515,7.27152473645515,7.230067768977551,7.263233184814453,53400,0.0,0
2018-09-24,7.263232401737378,7.271523952484131,7.221775438729415,7.271523952484131,86200,0.0,0
2018-09-25,7.279814677390543,7.279814677390543,7.238357714582549,7.246649265289307,76400,0.0,0
2018-09-26,7.279814712505083,7.279814712505083,7.246649300243872,7.271523952484131,142100,0.0,0
2018-09-27,7.296772480010986,7.3051887884604305,7.271524357286005,7.296772480010986,59800,0.13,0
2018-09-28,7.3051887884604305,7.313604294286524,7.279939863112099,7.296772480010986,84900,0.0,0
2018-10-01,7.31360387802124,7.322020185991656,7.2967720647037115,7.31360387802124,56000,0.0,0
2018-10-02,7.31360387802124,7.330436493962073,7.305188372674128,7.31360387802124,53900,0.0,0
2018-10-03,7.330436493962073,7.330436493962073,7.2967720647037115,7.31360387802124,57100,0.0,0
2018-10-04,7.30518886082921,7.30518886082921,7.246275503722829,7.271524429321289,105000,0.0,0
2018-10-05,7.2967736436965325,7.2967736436965325,7.237861080401782,7.26310920715332,151100,0.0,0
2018-10-08,7.31360409203242,7.31360409203242,7.195778987492002,7.237859725952148,147700,0.0,0
2018-10-09,7.237859451550173,7.237859451550173,7.178946098890161,7.204195022583008,246500,0.0,0
2018-10-10,7.2126114049542736,7.229444022796453,7.162115156674528,7.1789469718933105,85100,0.0,0
2018-10-11,7.195779456500852,7.195779456500852,7.162115024063208,7.187363147735596,78300,0.0,0
2018-10-12,7.212610721588134,7.237859645959167,7.18736259984042,7.212610721588135,80600,0.0,0
2018-10-15,7.22944333783549,7.22944333783549,7.1957789079640975,7.212610721588135,97400,0.0,0
2018-10-16,7.237859311117049,7.389348837218356,7.221026695648414,7.254691123962402,142000,0.0,0
2018-10-17,7.246275231545516,7.279939661788968,7.229443417735454,7.237859725952148,98400,0.0,0
2018-10-18,7.23786142516419,7.263109553118378,7.212612494586486,7.221028804779053,44800,0.0,0
2018-10-19,7.22944333783549,7.237859645959167,7.212610721588134,7.212610721588135,20400,0.0,0
2018-10-22,7.246275703845627,7.246275703845627,7.17894683897034,7.187363147735596,38000,0.0,0
2018-10-23,7.16211440776909,7.2126106507687044,7.136865483645972,7.145281791687012,217900,0.0,0
2018-10-24,7.170531061259466,7.1789465670826225,7.128450321650289,7.153698444366455,129900,0.0,0
2018-10-25,7.145281791687012,7.153698099728051,7.128449978228244,7.145281791687012,140300,0.0,0
2018-10-26,7.136866313924051,7.136866313924051,7.0442893225724665,7.061121940612793,72800,0.0,0
2018-10-29,7.1032017420933,7.1032017420933,7.010624752545157,7.019041061401367,132900,0.0,0
2018-10-30,7.019041061401366,7.027457370257577,6.985376628599916,7.019041061401367,120300,0.0,0
2018-10-31,7.027457503590871,7.027457503590871,6.993793070150698,7.010624885559082,147200,0.0,0
2018-11-01,7.044289455591417,7.052705764770508,7.019041330677565,7.052705764770508,110100,0.0,0
2018-11-02,7.069535931980134,7.094784853629681,7.027456001144022,7.035871505737305,134000,0.0,0
2018-11-05,7.052705348040558,7.094786088826126,7.04428903935877,7.069537162780762,126900,0.0,0
2018-11-06,7.0695375063693735,7.111618249200119,7.061121999901953,7.077953815460205,99100,0.0,0
2018-11-07,7.086369922633505,7.162115097045898,7.086369922633505,7.162115097045898,57800,0.0,0
2018-11-08,7.153698649964665,7.170531267341448,7.086369785704279,7.120034217834473,106200,0.0,0
2018-11-09,7.103200517785715,7.128449440002441,7.086368705597815,7.128449440002441,46000,0.0,0
2018-11-12,7.128450181717614,7.153698303938157,7.069536826371904,7.111617565155029,51400,0.0,0
2018-11-13,7.120034498507128,7.128450807527291,7.0442893225724665,7.061121940612793,64900,0.0,0
2018-11-14,7.061122073949598,7.0947865080425405,7.052705764770508,7.052705764770508,59000,0.0,0
2018-11-15,7.077953815460205,7.077953815460205,7.019041257071207,7.077953815460205,40600,0.0,0
2018-11-16,7.086370065049879,7.086370065049879,7.0442893225724665,7.061121940612793,102800,0.0,0
2018-11-19,7.077952107194586,7.077952107194586,7.0274558700837,7.04428768157959,55500,0.0,0
2018-11-20,7.027456680131559,7.052704801597328,6.968543326547019,7.0022077560424805,68300,0.0,0
2018-11-21,7.019039900672619,7.019039900672619,6.960127353668212,6.960127353668213,90000,0.0,0
2018-11-23,6.960128367432757,6.9937927995705,6.943295750052199,6.976960182189941,44700,0.0,0
2018-11-26,6.985376358032227,7.010624480999521,6.93487930947428,6.985376358032227,91400,0.0,0
2018-11-27,7.019041825128326,7.019041825128326,6.892799586419194,6.909632205963135,114000,0.0,0
2018-11-28,6.884383194466993,6.976960182189941,6.875966885776714,6.976960182189941,139900,0.0,0
2018-11-29,6.951711309767151,6.993792046061406,6.901214265689387,6.943295001983643,124400,0.0,0
2018-11-30,6.951711046203795,6.97695916597379,6.934878431274961,6.960127353668213,112700,0.0,0
2018-12-03,7.069537580505269,7.077953889684359,6.985376896584623,7.052705764770508,143800,0.0,0
2018-12-04,7.0695374470095524,7.0947863740700425,7.05270563159263,7.061121940612793,66500,0.0,0
2018-12-06,7.0442891171199875,7.1116179820707845,7.010624684644589,7.094786167144775,122100,0.0,0
2018-12-07,7.111617362146165,7.153698099728051,7.103201054105125,7.145281791687012,145400,0.0,0
2018-12-10,7.145282401441143,7.145282401441143,7.0947861541323505,7.136866092681885,95000,0.0,0
2018-12-11,7.145282341276274,7.162114958653056,7.103201600457689,7.120034217834473,69600,0.0,0
2018-12-12,7.145282406532697,7.195779456500852,7.12003428286031,7.187363147735596,141800,0.0,0
2018-12-13,7.187363280814401,7.19577958973549,7.153698847753438,7.1789469718933105,185600,0.0,0
2018-12-14,7.128450723613565,7.187363280814401,7.111618105771385,7.1789469718933105,157100,0.0,0
2018-12-17,7.187362734439991,7.187362734439991,7.094785751215779,7.111617565155029,644800,0.0,0
2018-12-18,7.094786370471216,7.12845080391139,7.010624885559083,7.010624885559082,62000,0.0,0
2018-12-19,6.993791574901191,7.052704120170336,6.993791574901191,7.035871505737305,67200,0.0,0
2018-12-20,7.018775428617064,7.070070126419216,6.89053990706403,6.907637596130371,142400,0.13,0
2018-12-21,6.933284274846762,6.94183352670699,6.881990394288453,6.890539646148682,98000,0.0,0
2018-12-24,6.873440966261966,6.916186409166012,6.864891714620854,6.899087905883789,31400,0.0,0
2018-12-26,6.9161860808522375,6.958931521727143,6.907636829616963,6.941833019256592,105400,0.0,0
2018-12-27,6.9076372362290845,7.027324314663801,6.9076372362290845,7.001676559448242,144500,0.0,0
2018-12-28,7.001675720410552,7.061519660107341,7.001675720410552,7.0529704093933105,71100,0.0,0
2018-12-31,7.052970006187875,7.121362377387405,7.035871505737306,7.035871505737305,146700,0.0,0
2019-01-02,6.984578257824639,7.087166823772072,6.984578257824639,7.078617572784424,114400,0.0,0
2019-01-03,7.070069324118917,7.112813949584961,7.052970821691323,7.112813949584961,23600,0.0,0
2019-01-04,7.12991212579129,7.172657564603035,7.121362874968655,7.155559062957764,15400,0.0,0
2019-01-07,7.172658152621774,7.215402779636315,7.172658152621774,7.206854343414307,57800,0.0,0
2019-01-08,7.258149186283645,7.292345381619548,7.198306048271217,7.249599933624268,144100,0.0,0
2019-01-09,7.266698360443115,7.283796865577161,7.2239529129096,7.266698360443115,84500,0.0,0
2019-01-10,7.241051496266498,7.2752476916024005,7.23250224360712,7.249599933624268,102700,0.0,0
2019-01-11,7.275248446658147,7.335091590881347,7.275248446658147,7.335091590881348,47900,0.0,0
2019-01-14,7.309443441533555,7.369286575899411,7.309443441533555,7.360737323760986,97500,0.0,0
2019-01-15,7.386384235525129,7.412031173706054,7.34363879502261,7.412031173706055,182600,0.0,0
2019-01-16,7.429128860726182,7.43767811188698,7.403481922545257,7.412031173706055,97700,0.0,0
2019-01-17,7.386383834654653,7.446226958929522,7.386383834654653,7.394932270050049,37000,0.0,0
2019-01-18,7.403481922545257,7.446227363047776,7.403481922545257,7.412031173706055,58900,0.0,0
2019-01-22,7.412031612285969,7.429129300317791,7.403482360619302,7.420580863952637,105000,0.0,0
2019-01-23,7.446228288181063,7.488973733994356,7.437679035958091,7.4633259773254395,69900,0.0,0
2019-01-24,7.488973800460429,7.523169994354248,7.471875295862733,7.523169994354248,70600,0.0,0
2019-01-25,7.514620411491958,7.583012796271057,7.514620411491958,7.565915107727051,51500,0.0,0
2019-01-28,7.565914379445797,7.591561317443847,7.531718190347911,7.591561317443848,28000,0.0,0
2019-01-29,7.574463105032817,7.583012356459736,7.540266914626631,7.557365417480469,52700,0.0,0
2019-01-30,7.55736586327841,7.608659744262695,7.540267359415957,7.608659744262695,50300,0.0,0
2019-01-31,7.6257585372428975,7.694150924682618,7.617209284987541,7.694150924682617,70900,0.0,0
2019-02-01,7.728346122577529,7.728346122577529,7.677051430956458,7.702699184417725,90600,0.0,0
2019-02-04,7.694150818586494,7.694150818586494,7.61720917995238,7.642856121063232,87100,0.0,0
2019-02-05,7.677051243260478,7.677051243260478,7.651404305727716,7.6685028076171875,91500,0.0,0
2019-02-06,7.642855092234506,7.685600531866201,7.6343066565493265,7.659953594207764,79000,0.0,0
2019-02-07,7.685599898817421,7.685599898817421,7.608658276878201,7.6172075271606445,35700,0.0,0
2019-02-08,7.617207372191878,7.617207372191878,7.540265751818001,7.574461936950684,72800,0.0,0
2019-02-11,7.583012252994513,7.625757694244385,7.557365314365182,7.625757694244385,77700,0.0,0
2019-02-12,7.651403639077835,7.651403639077835,7.617207453579776,7.634305953979492,48000,0.0,0
2019-02-13,7.617208996193922,7.651405188617291,7.608659744262695,7.608659744262695,41500,0.0,0
2019-02-14,7.634306619139689,7.668502807617187,7.625757368194954,7.6685028076171875,63800,0.0,0
2019-02-15,7.668504794466533,7.668504794466533,7.642857034987194,7.651406288146973,50200,0.0,0
2019-02-19,7.668504794466533,7.668504794466533,7.63430859712907,7.651406288146973,87900,0.0,0
2019-02-20,7.6514062881469735,7.659955541306753,7.63430859712907,7.651406288146973,33000,0.0,0
2019-02-21,7.668502845194392,7.668502845194392,7.625757405562697,7.659953594207764,46600,0.0,0
2019-02-22,7.651404605651369,7.685600795469307,7.651404605651369,7.677051544189453,57600,0.0,0
2019-02-25,7.694150924682618,7.7027001769379755,7.677052420171903,7.694150924682617,86100,0.0,0
2019-02-26,7.711249429193333,7.711249429193333,7.685601672427261,7.694150924682617,117700,0.0,0
2019-02-27,7.711249351501465,7.711249351501465,7.694150847163019,7.711249351501465,20700,0.0,0
2019-02-28,7.71124824703942,7.71124824703942,7.668502807617187,7.6685028076171875,21300,0.0,0
2019-03-01,7.668503983218115,7.711249429193333,7.668503983218115,7.694150924682617,122100,0.0,0
2019-03-04,7.702700693768329,7.702700693768329,7.668504497753997,7.685602188110352,38200,0.0,0
2019-03-05,7.685600795469307,7.694150046749161,7.642855354371516,7.677051544189453,67900,0.0,0
2019-03-06,7.6856013810406605,7.6856013810406605,7.608659744262695,7.608659744262695,68400,0.0,0
2019-03-07,7.642855381563446,7.668503135494256,7.617208442934115,7.625757694244385,75100,0.0,0
2019-03-08,7.608658276878201,7.64285446270659,7.60010984189714,7.6172075271606445,78200,0.0,0
2019-03-11,7.642855354371516,7.677051544189454,7.634306918393139,7.677051544189453,35300,0.0,0
2019-03-12,7.694150046749161,7.694150046749161,7.668503108211077,7.677051544189453,68500,0.0,0
2019-03-13,7.685601672427261,7.7027001769379755,7.668503983218115,7.694150924682617,43600,0.0,0
2019-03-14,7.685602188110351,7.69415144093934,7.668504497753997,7.685602188110352,24600,0.0,0
2019-03-15,7.711248435571481,7.719796871423773,7.69414993326397,7.702699184417725,43600,0.0,0
2019-03-18,7.702698421616847,7.7454438578510665,7.702698421616847,7.736894607543945,67300,0.0,0
2019-03-19,7.8052876878864526,7.8052876878864526,7.753992996689078,7.762542247772217,74700,0.0,0
2019-03-20,7.762542871271719,7.805288314819336,7.728346679493931,7.805288314819336,106500,0.0,0
2019-03-21,7.813838958740235,7.813838958740235,7.796740452154227,7.813838958740234,42800,0.0,0
2019-03-22,7.796738171943965,7.796738171943965,7.728345796205096,7.745444297790527,73400,0.0,0
2019-03-25,7.771091423590726,7.779640674591064,7.753992921590052,7.7796406745910645,26900,0.0,0
2019-03-26,7.813837165155166,7.813837165155166,7.771091723803587,7.78818941116333,31100,0.0,0
2019-03-27,7.779640485659963,7.796738171943965,7.728345796205096,7.745444297790527,83500,0.0,0
2019-03-28,7.780139010378796,7.797485600938638,7.745445002088706,7.771465301513672,66600,0.13,0
2019-03-29,7.788813071894989,7.797486782073975,7.754119058349574,7.797486782073975,26800,0.0,0
2019-04-01,7.823507492073159,7.858201503753662,7.814833782360412,7.858201503753662,125400,0.0,0
2019-04-02,7.858200361924967,7.858200361924967,7.8148326468332225,7.8235063552856445,55700,0.0,0
2019-04-03,7.840854126087005,7.849527835845947,7.806160114221728,7.849527835845947,71900,0.0,0
2019-04-04,7.849527835845947,7.849527835845947,7.81483382398067,7.849527835845947,21900,0.0,0
2019-04-05,7.8495254402644665,7.92758714993046,7.8495254402644665,7.901566028594971,215700,0.0,0
2019-04-08,7.910240419706245,7.910240419706245,7.849526119013938,7.884220123291016,110700,0.0,0
2019-04-09,7.892894744873046,7.918915044300514,7.875547327141131,7.892894744873047,76600,0.0,0
2019-04-10,7.910241271174866,7.910241271174866,7.832179546356201,7.832179546356201,58500,0.0,0
2019-04-11,7.875547450151338,7.884221159152772,7.849527150317452,7.866873741149902,133300,0.0,0
2019-04-12,7.892894744873046,7.892894744873046,7.8408533188477065,7.892894744873047,54000,0.0,0
2019-04-15,7.884221805721419,7.884221805721419,7.849527794040915,7.858201503753662,107500,0.0,0
2019-04-16,7.8755480960086715,7.910242107689175,7.832180374615421,7.858201503753662,98800,0.0,0
2019-04-17,7.901568397976428,7.918915817401922,7.849527794040915,7.858201503753662,46600,0.0,0
2019-04-18,7.866873243207023,7.901567249846346,7.806158938380801,7.8235063552856445,65300,0.0,0
2019-04-22,7.832179277202405,7.840852985699828,7.81483268737793,7.81483268737793,38700,0.0,0
2019-04-23,7.840854126087005,7.858201545604889,7.823507533739612,7.849527835845947,53900,0.0,0
2019-04-24,7.858201545604889,7.875548137952282,7.832180416328064,7.849527835845947,84000,0.0,0
2019-04-25,7.849527150317452,7.875547450151338,7.832179732314583,7.866873741149902,64200,0.0,0
2019-04-26,7.8668744281933405,7.875548137952282,7.840854126087005,7.849527835845947,45400,0.0,0
2019-04-29,7.849527794040915,7.866874386295924,7.832180374615421,7.858201503753662,51900,0.0,0
2019-04-30,7.866873741149903,7.875547450151338,7.823506850483566,7.866873741149902,71200,0.0,0
2019-05-01,7.875547450151338,7.884221159152772,7.849527150317452,7.866873741149902,58900,0.0,0
2019-05-02,7.866873991763885,7.875547701041637,7.823507099716015,7.840853691101074,68400,0.0,0
2019-05-03,7.849527109359502,7.892894826969968,7.849527109359502,7.875547409057617,74100,0.0,0
2019-05-06,7.858200818315678,7.875547409057616,7.849527109359502,7.875547409057617,63800,0.0,0
2019-05-07,7.875547701041637,7.884221410319388,7.832179981823323,7.840853691101074,82200,0.0,0
2019-05-08,7.849526119013938,7.892893831152861,7.849526119013938,7.884220123291016,25500,0.0,0
2019-05-09,7.849527400378826,7.866873991763885,7.823507099716015,7.840853691101074,49000,0.0,0
2019-05-10,7.866873618275174,7.901567626568599,7.8408533188477065,7.892894744873047,34900,0.0,0
2019-05-13,7.849526653472545,7.849526653472545,7.7974852299283794,7.8235063552856445,57400,0.0,0
2019-05-14,7.866873700101441,7.892894826969968,7.849527109359502,7.875547409057617,53000,0.0,0
2019-05-15,7.901567749985222,7.901567749985222,7.858200859318886,7.866873741149902,63300,0.0,0
2019-05-16,7.892894826969968,7.892894826969968,7.858200818315678,7.875547409057617,34700,0.0,0
2019-05-17,7.875547701041637,7.901568001704447,7.832179981823323,7.840853691101074,28600,0.0,0
2019-05-20,7.832180374615421,7.8755480960086715,7.832180374615421,7.858201503753662,26900,0.0,0
2019-05-21,7.858201545604889,7.884221847711224,7.840854126087005,7.849527835845947,27500,0.0,0
2019-05-22,7.858200818315678,7.892894826969968,7.858200818315678,7.875547409057617,48600,0.0,0
2019-05-23,7.884221118013793,7.884221118013793,7.849527109359502,7.875547409057617,67700,0.0,0
2019-05-24,7.892895880057821,7.936262776283982,7.858201866774578,7.9275898933410645,82100,0.0,0
2019-05-28,7.936262382567415,7.936262382567415,7.901568371005336,7.910242080688477,75200,0.0,0
2019-05-29,7.92758714993046,7.92758714993046,7.875545734429719,7.901566028594971,61600,0.0,0
2019-05-30,7.91024247311418,7.936262776283982,7.901568763000738,7.9275898933410645,39000,0.0,0
2019-05-31,7.910241335434557,7.918915044300514,7.884221036007089,7.892894744873047,25100,0.0,0
2019-06-03,7.918914127568091,7.9275878354299385,7.884220123291015,7.884220123291016,30300,0.0,0
2019-06-04,7.93626304191558,7.953610462723092,7.884222433834145,7.944936752319336,87200,0.0,0
2019-06-05,7.988301833248345,7.988301833248345,7.95360783028668,7.970954418182373,95300,0.0,0
2019-06-06,7.988301984960936,8.049016284504356,7.979628277263221,8.014322280883789,53200,0.0,0
2019-06-07,8.022995703840953,8.109731123399232,8.022995703840953,8.049015998840332,210100,0.0,0
2019-06-10,8.075038286411568,8.101058585166234,8.014323153090169,8.031670570373535,88700,0.0,0
2019-06-11,8.057691784038168,8.092385795373845,8.022997772702489,8.040345191955566,46600,0.0,0
2019-06-12,8.057691784038168,8.083712085747306,8.022997772702489,8.040345191955566,46300,0.0,0
2019-06-13,8.083711875127866,8.083711875127866,8.049017864696133,8.05769157409668,36700,0.0,0
2019-06-14,8.057689706230212,8.066363413620094,8.040343118620715,8.049015998840332,16300,0.0,0
2019-06-17,8.066364700898573,8.066364700898573,7.996976685046705,8.00564956665039,70700,0.0,0
2019-06-18,8.066364700898573,8.109732417598591,8.00564956665039,8.00564956665039,146700,0.0,0
2019-06-19,8.0143238542644,8.135753304360694,8.0143238542644,8.05769157409668,54500,0.0,0
2019-06-20,8.083711293298897,8.144426427562271,8.083711293298897,8.127079010009766,61900,0.0,0
2019-06-21,8.12707934263131,8.144426760893804,8.083711624145508,8.083711624145508,59100,0.0,0
2019-06-24,8.135752637135992,8.153099227344011,8.101058629549565,8.144426345825195,55600,0.0,0
2019-06-25,8.144426468561802,8.170446767851152,8.109732460452534,8.11840534210205,37200,0.0,0
2019-06-26,8.161773059031235,8.170446767851152,8.11840534210205,8.11840534210205,67500,0.0,0
2019-06-27,8.162383897549885,8.179975645296794,8.135997114750221,8.17117977142334,52600,0.13,0
2019-06-28,8.144792470169623,8.197566032409668,8.12720072354251,8.197566032409668,65200,0.0,0
2019-07-01,8.223953950478789,8.259136606187782,8.179975421137378,8.232748985290527,87600,0.0,0
2019-07-02,8.259136335074643,8.276727242941364,8.250340461730957,8.250340461730957,48200,0.0,0
2019-07-03,8.28552393745105,8.294319811666481,8.232749530979191,8.259137153625488,68800,0.0,0
2019-07-05,8.267932910092513,8.320707321166992,8.223955212821389,8.320707321166992,236400,0.0,0
2019-07-08,8.347094244635048,8.347094244635048,8.25913800982478,8.311911582946777,119400,0.0,0
2019-07-09,8.320706206592526,8.329502080396848,8.259136767603648,8.276727676391602,82700,0.0,0
2019-07-10,8.28552466005761,8.355889982276377,8.28552466005761,8.320707321166992,73200,0.0,0
2019-07-11,8.329502080396848,8.391071519385726,8.223954111207048,8.276727676391602,174300,0.0,0
2019-07-12,8.29431833358547,8.320705112708803,8.267930715641555,8.2855224609375,76800,0.0,0
2019-07-15,8.320705443971356,8.373479843139648,8.294318663797517,8.373479843139648,92500,0.0,0
2019-07-16,8.391070750315334,8.399866623313486,8.355888097143344,8.373479843139648,116300,0.0,0
2019-07-17,8.373480411210995,8.399867193174957,8.355888664021236,8.391071319580078,73300,0.0,0
2019-07-18,8.39107050042175,8.399866373157952,8.373479593769936,8.382274627685547,66500,0.0,0
2019-07-19,8.382274627685547,8.399866373157952,8.364683721033733,8.382274627685547,54000,0.0,0
2019-07-22,8.399867193174957,8.399867193174957,8.364684537616116,8.391071319580078,58800,0.0,0
2019-07-23,8.37348120544084,8.417458899945197,8.338297707724147,8.34709358215332,54700,0.0,0
2019-07-24,8.38227531089405,8.426253839339,8.364684402808466,8.399867057800293,60600,0.0,0
2019-07-25,8.417457530489171,8.435049276485476,8.364683970141497,8.373479843139648,69200,0.0,0
2019-07-26,8.391072115478432,8.391072115478432,8.329502672115728,8.34709358215332,60600,0.0,0
2019-07-29,8.338297707724147,8.364685331011668,8.320706797686556,8.34709358215332,69200,0.0,0
2019-07-30,8.355888664021236,8.391071319580078,8.33829691683148,8.391071319580078,40200,0.0,0
2019-07-31,8.382274711341289,8.417457363816633,8.320705279214588,8.329501152038574,56300,0.0,0
2019-08-01,8.30311680878166,8.382278017781955,8.30311680878166,8.355891227722168,72500,0.0,0
2019-08-02,8.355888529355344,8.399867057800293,8.355888529355344,8.399867057800293,86400,0.0,0
2019-08-05,8.373480446947179,8.373480446947179,8.197566329581536,8.232748985290527,79400,0.0,0
2019-08-06,8.29431833358547,8.303113367412859,8.241543936518225,8.2855224609375,53100,0.0,0
2019-08-07,8.303114458983877,8.320706206592526,8.267931802587277,8.276727676391602,76300,0.0,0
2019-08-08,8.320706639576313,8.338297549279643,8.29431985561095,8.303114891052246,76000,0.0,0
2019-08-09,8.311909406390601,8.364683804513918,8.311909406390601,8.329501152038574,41400,0.0,0
2019-08-12,8.311910332788202,8.338297115380477,8.276727676391602,8.276727676391602,32800,0.0,0
2019-08-13,8.232748938132595,8.259136558878698,8.18877124786377,8.18877124786377,47300,0.0,0
2019-08-14,8.206362794062246,8.206362794062246,8.083223070804516,8.100814819335938,139300,0.0,0
2019-08-15,8.11840575149709,8.16238428412652,8.11840575149709,8.153589248657227,37600,0.0,0
2019-08-16,8.162383079528809,8.206361605667924,8.162383079528809,8.162383079528809,30100,0.0,0
2019-08-19,8.16238360038148,8.16238360038148,8.118405071436035,8.13599681854248,56800,0.0,0
2019-08-20,8.153588565648928,8.153588565648928,8.109610036703483,8.13599681854248,73100,0.0,0
2019-08-21,8.144793803126385,8.179976463317871,8.144793803126385,8.179976463317871,20400,0.0,0
2019-08-22,8.17997603270659,8.188771906996623,8.153589248657227,8.153589248657227,138600,0.0,0
2019-08-23,8.179975645296794,8.179975645296794,8.162383897549885,8.17117977142334,27500,0.0,0
2019-08-26,8.17997603270659,8.188771906996623,8.144793374367193,8.153589248657227,70800,0.0,0
2019-08-27,8.171178952520755,8.179974825512701,8.153588045357479,8.162383079528809,40400,0.0,0
2019-08-28,8.179975374281735,8.18877124786377,8.153588592356305,8.18877124786377,82900,0.0,0
2019-08-29,8.179974825512701,8.206361605667924,8.153588045357479,8.162383079528809,92200,0.0,0
2019-08-30,8.179975211570325,8.179975211570325,8.144792556762695,8.144792556762695,112600,0.0,0
2019-09-03,8.171179338163252,8.171179338163252,8.135996683355623,8.144792556762695,59500,0.0,0
2019-09-04,8.197566221789028,8.294319152832031,8.188771187092938,8.294319152832031,92700,0.0,0
2019-09-05,8.294319560017083,8.303114595144939,8.25913690304353,8.267931938171387,112300,0.0,0
2019-09-06,8.250341279410057,8.28552393745105,8.223954495584493,8.259137153625488,78100,0.0,0
2019-09-09,8.241543332364808,8.2855218535602,8.215156555175781,8.215156555175781,49400,0.0,0
2019-09-10,8.250339204367991,8.267930109553834,8.215156555175781,8.215156555175781,54100,0.0,0
2019-09-11,8.241543332364808,8.241543332364808,8.197564811169416,8.215156555175781,43200,0.0,0
2019-09-12,8.215161184807503,8.259139730786885,8.215161184807503,8.223957061767578,67300,0.0,0
2019-09-13,8.20636281675595,8.20636281675595,8.144793374367193,8.153589248657227,61500,0.0,0
2019-09-16,8.188771084977397,8.188771084977397,8.135996683355623,8.144792556762695,63000,0.0,0
2019-09-17,8.13599681854248,8.171179473934703,8.13599681854248,8.13599681854248,32300,0.0,0
2019-09-18,8.153587744650606,8.179974523832675,8.12720012664795,8.12720012664795,59000,0.0,0
2019-09-19,8.171180588564804,8.206363248756288,8.171180588564804,8.179976463317871,38100,0.0,0
2019-09-20,8.197564811169416,8.232747460361624,8.197564811169416,8.215156555175781,25500,0.0,0
2019-09-23,8.250341551690775,8.267932461881447,8.232749802679342,8.241545677185059,44000,0.0,0
2019-09-24,8.250340732555363,8.259136606187782,8.21515807684637,8.232748985290527,35900,0.0,0
2019-09-25,8.215161184807503,8.241547976866734,8.197569430887352,8.223957061767578,37400,0.0,0
2019-09-26,8.206362203213953,8.241544858922946,8.206362203213953,8.232748985290527,78200,0.0,0
2019-09-27,8.241670220990569,8.250589981880188,8.152475164000021,8.170313835144043,77600,0.13,0
2019-09-30,8.161391938179896,8.205989880320196,8.152473030259832,8.197070121765137,45400,0.0,0
2019-10-01,8.197070121765137,8.232748305350377,8.197070121765137,8.197070121765137,25700,0.0,0
2019-10-02,8.232750460100949,8.232750460100949,8.152475164000021,8.170313835144043,66200,0.0,0
2019-10-03,8.214909638875255,8.241668063905436,8.197070121765137,8.197070121765137,21000,0.0,0
2019-10-04,8.205990240718574,8.29518612891656,8.205990240718574,8.27734661102295,39000,0.0,0
2019-10-07,8.268427210855219,8.286265877052646,8.22382926940918,8.22382926940918,49000,0.0,0
2019-10-08,8.205989752576773,8.25058769402281,8.205989752576773,8.22382926940918,31600,0.0,0
2019-10-09,8.250588417053223,8.277346844011795,8.250588417053223,8.250588417053223,33400,0.0,0
2019-10-10,8.321944789366121,8.321944789366121,8.241668657855346,8.250588417053223,62700,0.0,0
2019-10-11,8.286266603209672,8.295186362407549,8.250588417053223,8.250588417053223,39800,0.0,0
2019-10-14,8.277347711988305,8.277347711988305,8.241669522090582,8.268428802490234,26900,0.0,0
2019-10-15,8.295187040505644,8.31302570972458,8.277347520651581,8.286267280578613,97600,0.0,0
2019-10-16,8.313025665584178,8.313025665584178,8.268428567456075,8.295186996459961,86000,0.0,0
2019-10-17,8.304105887863365,8.321944555121943,8.268427702711177,8.27734661102295,108300,0.0,0
2019-10-18,8.286267236580292,8.321945425463845,8.277347476700623,8.295186996459961,75900,0.0,0
2019-10-21,8.31302570972458,8.321945469651611,8.268428611359678,8.286267280578613,61000,0.0,0
2019-10-22,8.304106992387958,8.321945662019248,8.259509042357017,8.268428802490234,45900,0.0,0
2019-10-23,8.286267002553782,8.330864950057439,8.268428333933377,8.321945190429688,142900,0.0,0
2019-10-24,8.330864672922752,8.357623100280762,8.321944913591727,8.357623100280762,63200,0.0,0
2019-10-25,8.357623100280762,8.38438152763877,8.330864672922752,8.357623100280762,88900,0.0,0
2019-10-28,8.375462575446813,8.384381484096451,8.357623056877406,8.36654281616211,43200,0.0,0
2019-10-29,8.375462342693229,8.393301010131836,8.366542583656406,8.393301010131836,68500,0.0,0
2019-10-30,8.393301243381154,8.411140761950561,8.348703297592703,8.36654281616211,67200,0.0,0
2019-10-31,8.393301286969796,8.393301286969796,8.348703340949735,8.357623100280762,51400,0.0,0
2019-11-01,8.37546306004215,8.42897991757667,8.36654330024136,8.420060157775879,62000,0.0,0
2019-11-04,8.428980782496819,8.464658974725904,8.420061021780748,8.43790054321289,68600,0.0,0
2019-11-05,8.420060437678883,8.446819717970799,8.366543578365336,8.384382247924805,59300,0.0,0
2019-11-06,8.393302590267735,8.43790054321289,8.393302590267735,8.43790054321289,100800,0.0,0
2019-11-07,8.455737535350934,8.455737535350934,8.411140441894531,8.411140441894531,30800,0.0,0
2019-11-08,8.42897991757667,8.50033629471277,8.402221488809412,8.420060157775879,76100,0.0,0
2019-11-11,8.446819393165855,8.464658062039375,8.428979873657227,8.428979873657227,24800,0.0,0
2019-11-12,8.42897978609661,8.491417253093099,8.42897978609661,8.446819305419922,46100,0.0,0
2019-11-13,8.428979873657227,8.482497581548003,8.402221445029394,8.428979873657227,29800,0.0,0
2019-11-14,8.428979639741701,8.455738067626953,8.40222121185645,8.455738067626953,45300,0.0,0
2019-11-15,8.491417253093099,8.491417253093099,8.446819305419922,8.446819305419922,78900,0.0,0
2019-11-18,8.45573762211952,8.473577140193166,8.35762282461958,8.393301010131836,70200,0.0,0
2019-11-19,8.420061021780748,8.455739214009833,8.411142111699878,8.43790054321289,77600,0.0,0
2019-11-20,8.411141204783707,8.437899633411542,8.384381925520765,8.428979873657227,55100,0.0,0
2019-11-21,8.420060113902913,8.437899633411542,8.411141204783707,8.428979873657227,34500,0.0,0
2019-11-22,8.44681915875526,8.455738067626953,8.437899399248481,8.455738067626953,65700,0.0,0
2019-11-25,8.455736944191255,8.500334885164747,8.446818036504535,8.491415977478027,60600,0.0,0
2019-11-26,8.473579406738281,8.500337840371158,8.45573988389285,8.473579406738281,46400,0.0,0
2019-11-27,8.491416974640153,8.509255642743392,8.482497215270996,8.482497215270996,34100,0.0,0
2019-11-29,8.473577266485131,8.500335693359375,8.464657507315367,8.500335693359375,21600,0.0,0
2019-12-02,8.509255325705421,8.509255325705421,8.393301010131836,8.393301010131836,69400,0.0,0
2019-12-03,8.420059880234923,8.464657827133731,8.420059880234923,8.455738067626953,64600,0.0,0
2019-12-04,8.43789827818284,8.491415977478027,8.43789827818284,8.491415977478027,50100,0.0,0
2019-12-05,8.464656702512947,8.491415977478027,8.464656702512947,8.491415977478027,48000,0.0,0
2019-12-06,8.464656515577824,8.527093971815821,8.464656515577824,8.509254455566406,59000,0.0,0
2019-12-09,8.473577895382126,8.544934272766113,8.473577895382126,8.544934272766113,93700,0.0,0
2019-12-10,8.562773557783585,8.57169246673584,8.527095370069281,8.57169246673584,74300,0.0,0
2019-12-11,8.580613805536224,8.616291999816895,8.553855372484534,8.616291999816895,41300,0.0,0
2019-12-12,8.616289860031534,8.687646230872103,8.616289860031534,8.643048286437988,70200,0.0,0
2019-12-13,8.660888715946207,8.67872738521619,8.651968955993652,8.651968955993652,41900,0.0,0
2019-12-16,8.759003109875193,8.759003109875193,8.696566494426131,8.71440601348877,92700,0.0,0
2019-12-17,8.74116365676831,8.767922082325121,8.678726196289062,8.678726196289062,66800,0.0,0
2019-12-18,8.705486576568715,8.714406336430585,8.660888627894476,8.669808387756348,52100,0.0,0
2019-12-19,8.642686817480573,8.724050296130436,8.642686817480573,8.70596981048584,98800,0.13,0
2019-12-20,8.687889637180913,8.724051475524902,8.687889637180913,8.724051475524902,37700,0.0,0
2019-12-23,8.75117215824305,8.75117215824305,8.66980781891099,8.696928977966309,67600,0.0,0
2019-12-24,8.724050837955954,8.751172861356494,8.724050837955954,8.742132186889648,21700,0.0,0
2019-12-26,8.724050837955954,8.742132186889648,8.715011025655278,8.742132186889648,44900,0.0,0
2019-12-27,8.751172861356494,8.751172861356494,8.715011025655278,8.742132186889648,43400,0.0,0
2019-12-30,8.742132825780013,8.75117350090757,8.687889637180913,8.724051475524902,40000,0.0,0
2019-12-31,8.687889159164465,8.787334855763508,8.687889159164465,8.75117301940918,107300,0.0,0
2020-01-02,8.778294664124001,8.778294664124001,8.724051475524902,8.724051475524902,44100,0.0,0
2020-01-03,8.724051531678995,8.787335395812988,8.724051531678995,8.787335395812988,102000,0.0,0
2020-01-06,8.787334189828842,8.832536697387695,8.778293515883847,8.832536697387695,99700,0.0,0
2020-01-07,8.850617980655278,8.850617980655278,8.796374794263487,8.82349681854248,83200,0.0,0
2020-01-08,8.841576509166568,8.841576509166568,8.80541467555271,8.832536697387695,62600,0.0,0
2020-01-09,8.841576603577604,8.841576603577604,8.760212261536077,8.77829360961914,126000,0.0,0
2020-01-10,8.778294022590865,8.850617693993302,8.733091512422801,8.742132186889648,101700,0.0,0
2020-01-13,8.751172861356494,8.79637450935839,8.733091512422801,8.742132186889648,116600,0.0,0
2020-01-14,8.742131209965322,8.823495546742224,8.742131209965322,8.805414199829102,99100,0.0,0
2020-01-15,8.80541379257094,8.841575622558594,8.778292635621709,8.841575622558594,101900,0.0,0
2020-01-16,8.841577305895612,8.895820492287402,8.814456143782817,8.82349681854248,163000,0.0,0
2020-01-17,8.823496343803608,8.85965817873042,8.796374320983887,8.796374320983887,60200,0.0,0
2020-01-21,8.814456143782817,8.859658655414941,8.805415469023151,8.82349681854248,79000,0.0,0
2020-01-22,8.85965785705656,8.85965785705656,8.787334189828842,8.832536697387695,99400,0.0,0
2020-01-23,8.850617791104765,8.886779627202761,8.832537304138858,8.877738952636719,54600,0.0,0
2020-01-24,8.904859383275836,8.9138991940585,8.88677803737846,8.895818710327148,183600,0.0,0
2020-01-27,8.886779016725422,8.886779016725422,8.814455349497706,8.832536697387695,95700,0.0,0
2020-01-28,8.823494346888243,8.850615501403809,8.823494346888243,8.850615501403809,45300,0.0,0
2020-01-29,8.850616207749733,8.922939867007187,8.841575534801045,8.895818710327148,61100,0.0,0
2020-01-30,8.895818710327148,8.931980539955875,8.877737364429771,8.895818710327148,43300,0.0,0
2020-01-31,8.895820235120262,8.931982070947328,8.868699073791504,8.868699073791504,47400,0.0,0
2020-02-03,8.859658399293194,8.913900721950707,8.859658399293194,8.868699073791504,54400,0.0,0
2020-02-04,8.922940094871453,8.959101925423642,8.913899421691895,8.913899421691895,67300,0.0,0
2020-02-05,8.941021760233074,8.950061571569114,8.895819254888568,8.931981086730957,45400,0.0,0
2020-02-06,8.941022527442431,8.986224174499512,8.941022527442431,8.986224174499512,29800,0.0,0
2020-02-07,8.986224174499512,8.986224174499512,8.959103013832033,8.986224174499512,69600,0.0,0
2020-02-10,8.986223153064177,8.99526382631443,8.959101995479474,8.97718334197998,66200,0.0,0
2020-02-11,8.968144101158552,9.004305937769427,8.95006275177002,8.95006275177002,55800,0.0,0
2020-02-12,8.968144675761394,8.968144675761394,8.913901486286543,8.922942161560059,60200,0.0,0
2020-02-13,8.922941237299078,8.968143746818223,8.859658241271973,8.859658241271973,77200,0.0,0
2020-02-14,8.886779560621951,8.913900721950707,8.868699073791504,8.868699073791504,35800,0.0,0
2020-02-18,8.895818937498824,8.913899421691895,8.895818937498824,8.913899421691895,52900,0.0,0
2020-02-19,8.931981063327875,8.995264053344727,8.913899716371017,8.995264053344727,89600,0.0,0
2020-02-20,9.004304477846016,9.049506981822196,8.99526380461757,9.04046630859375,97000,0.0,0
2020-02-21,9.031427225723753,9.058549250185054,9.013346738249092,9.02238655090332,41900,0.0,0
2020-02-24,8.995264650811716,9.013345998969541,8.850617314213656,8.904860496520996,97600,0.0,0
2020-02-25,8.92294078436368,8.92294078436368,8.6878884365285,8.76925277709961,99700,0.0,0
2020-02-26,8.76925334812402,8.787334697057712,8.715011025655278,8.742132186889648,118800,0.0,0
2020-02-27,8.651726455365273,8.68788828809392,8.498038450726996,8.507079124450684,173600,0.0,0
2020-02-28,8.362433174862746,8.434756852266638,8.317230660943753,8.407635688781738,218100,0.0,0
2020-03-02,8.416675760980116,8.588444266966324,8.416675760980116,8.498039245605469,123300,0.0,0
2020-03-03,8.534201487895393,8.678849701390417,8.534201487895393,8.651727676391602,125700,0.0,0
2020-03-04,8.678848220101543,8.814454873285662,8.678848220101543,8.805414199829102,88400,0.0,0
2020-03-05,8.760210371781229,8.769251043872504,8.64268508325842,8.715008735656738,138500,0.0,0
2020-03-06,8.606526302642557,8.733092308044434,8.516121274070146,8.733092308044434,279500,0.0,0
2020-03-09,8.425714227679725,8.525159907727044,7.919448602981893,7.93752908706665,234800,0.0,0
2020-03-10,8.08217798319537,8.226826194887892,7.946571308556008,8.19970417022705,281200,0.0,0
2020-03-11,8.036975532907487,8.136420360264244,7.783841834272989,7.829044342041016,134700,0.0,0
2020-03-12,6.527217061796525,7.413182855555584,5.876303619747227,7.322778701782227,385600,0.0,0
2020-03-13,7.431263990887956,7.5307088158418525,7.241414152582443,7.440303802490234,109300,0.0,0
2020-03-16,7.141968972274147,7.141968972274147,6.662824034545641,6.780350208282471,177000,0.0,0
2020-03-17,6.689945605484266,6.888835688002166,6.554338515498716,6.717066764831543,192700,0.0,0
2020-03-18,6.319286276081839,6.491055202170938,5.541806418309789,5.650291919708252,586200,0.0,0
2020-03-19,5.550846364927237,6.301205022838854,5.523725206566815,6.228881359100342,307000,0.0,0
2020-03-20,6.3012057744439485,6.825553261258177,6.246963020170012,6.626662731170654,205400,0.0,0
2020-03-23,6.174639319429773,6.274084584016543,6.120396565405105,6.147518157958984,216000,0.0,0
2020-03-24,6.283124392837949,6.509136067847703,6.283124392837949,6.436812400817871,215600,0.0,0
2020-03-25,6.635703186928776,6.906916949354496,6.491055415885315,6.771309852600098,147400,0.0,0
2020-03-26,6.8978761452359345,7.367979961879888,6.870754555657262,7.141968727111816,372100,0.0,0
2020-03-27,7.051565144547603,7.051565144547603,6.789391609558205,6.9249982833862305,210200,0.0,0
2020-03-30,6.888260561656892,6.915813796598798,6.8056012947749895,6.87907600402832,150700,0.12,0
2020-03-31,6.86070724041055,7.071947245828482,6.86070724041055,7.026025772094727,82900,0.0,0
2020-04-01,6.796416848645468,6.879075673613299,6.7596794957833675,6.833154201507568,102700,0.0,0
2020-04-02,6.869891687744803,7.016841102046147,6.787232423228398,6.888260364532471,70400,0.0,0
2020-04-03,6.8239693187125425,6.888259902125471,6.7504946164942075,6.805600643157959,66700,0.0,0
2020-04-06,6.879075807166737,6.989288305836545,6.814785657381799,6.888260364532471,105500,0.0,0
2020-04-07,6.98010405639459,7.301556133331376,6.970919936567503,7.016841411590576,155500,0.0,0
2020-04-08,7.016841345163372,7.145422525075886,6.9984726677392715,7.081131935119629,168600,0.0,0
2020-04-09,7.163791205046595,7.347477979352891,7.163791205046595,7.283187389373779,113500,0.0,0
2020-04-13,7.163791135902017,7.29237187667537,7.0811318692900995,7.145422458648682,252600,0.0,0
2020-04-14,7.255634741498787,7.301556217048379,7.19134415019677,7.2372660636901855,83400,0.0,0
2020-04-15,7.191343276595858,7.228080627750225,7.071946666372279,7.090315341949463,118700,0.0,0
2020-04-16,7.117869289967828,7.191343999664228,7.053578700011571,7.081131935119629,122700,0.0,0
2020-04-17,7.182159531612466,7.228081003973764,7.099500268240817,7.136237621307373,91200,0.0,0
2020-04-20,7.117869112889165,7.136237789856288,6.989288374119304,7.007657051086426,128000,0.0,0
2020-04-21,6.980103903768166,6.980103903768166,6.787232574234641,6.8607072830200195,194000,0.0,0
2020-04-22,6.943366549375477,6.943366549375477,6.851523163393752,6.8607072830200195,200200,0.0,0
2020-04-23,6.952550952261209,6.952550952261209,6.842338453591402,6.888260364532471,131100,0.0,0
2020-04-24,6.961735226571821,6.961735226571821,6.8423386058236755,6.8607072830200195,92700,0.0,0
2020-04-27,6.943366549375477,6.943366549375477,6.805601251430986,6.8607072830200195,134600,0.0,0
2020-04-28,6.924997850418747,6.952551085098589,6.851523141864248,6.943366527557373,122900,0.0,0
2020-04-29,6.980103903942311,7.071947289926327,6.961735226745509,7.044394493103027,124300,0.0,0
2020-04-30,7.062763081987796,7.071947201499455,6.980103816663839,7.007657051086426,214500,0.0,0
2020-05-01,6.998472558973248,7.0352099132504975,6.906629173280122,6.943366527557373,164600,0.0,0
2020-05-04,6.888260710908192,7.035210132598877,6.888260710908192,7.035210132598877,269400,0.0,0
2020-05-05,7.035209957184854,7.17297525555678,7.035209957184854,7.145422458648682,247400,0.0,0
2020-05-06,7.182159813155353,7.191343932810116,7.117869223796772,7.145422458648682,188400,0.0,0
2020-05-07,7.1913432477896695,7.25563383102417,7.1913432477896695,7.25563383102417,46300,0.0,0
2020-05-08,7.310740754733787,7.365847225951222,7.30155619688294,7.338293552398682,82200,0.0,0
2020-05-11,7.356662076798507,7.3842148722488075,7.329108843404418,7.365846633911133,355500,0.0,0
2020-05-12,7.365847006177763,7.439321715016995,7.365847006177763,7.4301371574401855,59200,0.0,0
2020-05-13,7.448504604509324,7.448504604509324,7.274002408547496,7.3199238777160645,49900,0.0,0
2020-05-14,7.237266234752314,7.329109625966158,7.200528878266776,7.310740947723389,115500,0.0,0
2020-05-15,7.237266043702303,7.347478110249528,7.2280814858514555,7.338293552398682,112300,0.0,0
2020-05-18,7.402584360597379,7.448505396706184,7.402584360597379,7.4301371574401855,122600,0.0,0
2020-05-19,7.43013704863697,7.503611756400275,7.43013704863697,7.4760589599609375,34400,0.0,0
2020-05-20,7.531164153031403,7.613823413848876,7.4852422441453,7.613823413848877,144500,0.0,0
2020-05-21,7.586271372446706,7.659746083607982,7.586271372446706,7.623008728027344,75500,0.0,0
2020-05-22,7.650560183277038,7.659744739532471,7.6321919466536645,7.659744739532471,27300,0.0,0
2020-05-26,7.76077346154448,7.779142576968702,7.678114193910745,7.769958019256592,89700,0.0,0
2020-05-27,7.815879931929515,7.815879931929515,7.678114193910745,7.769958019256592,54300,0.0,0
2020-05-28,7.760773291058659,7.760773291058659,7.714851379394532,7.714851379394531,48400,0.0,0
2020-05-29,7.714850510613552,7.7607724171063435,7.714850510613552,7.733219623565674,37600,0.0,0
2020-06-01,7.7424035024941125,7.843430987227199,7.678112488675387,7.8250627517700195,100700,0.0,0
2020-06-02,7.797509943760541,7.907721996307373,7.797509943760541,7.907721996307373,108500,0.0,0
2020-06-03,7.9260919553977045,8.027119462040156,7.907722840069463,7.953644752502441,62400,0.0,0
2020-06-04,7.990381142210924,8.027118492542726,7.91690644154732,7.935275554656982,36100,0.0,0
2020-06-05,7.8985389678564495,8.036303825946199,7.8985389678564495,7.981197357177734,79500,0.0,0
2020-06-08,7.981198391431768,8.036304867341276,7.962830150053745,7.99956750869751,34400,0.0,0
2020-06-09,7.972012527654839,8.045487224840715,7.972012527654839,7.990380764007568,36600,0.0,0
2020-06-10,7.990381610623965,8.054672634389135,7.981197053530716,8.036303520202637,21500,0.0,0
2020-06-11,7.953644416475396,7.953644416475396,7.724035739898681,7.724035739898682,88500,0.0,0
2020-06-12,7.8342474767679136,7.926091293969552,7.825063795757793,7.8618011474609375,67400,0.0,0
2020-06-15,7.751589547158728,7.861802497075681,7.724036747623343,7.843433380126953,32400,0.0,0
2020-06-16,7.861801344084167,7.926091492200675,7.8158794343348434,7.852616786956787,37900,0.0,0
2020-06-17,7.843432229829407,7.898538696706112,7.8250639914622235,7.852616786956787,54700,0.0,0
2020-06-18,7.806696022117205,7.8709861796623395,7.806696022117205,7.843433380126953,97700,0.0,0
2020-06-19,7.889355129568391,7.898539687848288,7.779143057872682,7.788326740264893,35600,0.0,0
2020-06-22,7.76077346154448,7.825064489641625,7.724036106583668,7.769958019256592,51600,0.0,0
2020-06-23,7.779140849295912,7.83424643155489,7.769956293623602,7.8250627517700195,65100,0.0,0
2020-06-24,7.81587965031477,7.81587965031477,7.751588624534101,7.760773181915283,462600,0.0,0
2020-06-25,7.769957739296464,7.797510535552407,7.742404943040521,7.760773181915283,42000,0.0,0
2020-06-26,7.7332206642957795,7.769958019256591,7.7332206642957795,7.769958019256592,105900,0.0,0
2020-06-29,7.805266642661834,7.842434545297263,7.805266642661834,7.83314323425293,78900,0.098,0
2020-06-30,7.823850950597822,7.88889455795288,7.814558753503475,7.888894557952881,100100,0.0,0
2020-07-01,7.898186665249525,7.953938961029053,7.898186665249525,7.953938961029053,141100,0.0,0
2020-07-02,8.00039927890071,8.00039927890071,7.926063465027166,7.9353556632995605,29500,0.0,0
2020-07-06,7.8424344586338295,7.935354657271931,7.823850950597822,7.888894557952881,561100,0.0,0
2020-07-07,7.851726937094152,7.90747923550543,7.851726937094152,7.861019134521484,98500,0.0,0
2020-07-08,7.888894768755976,7.907479163441274,7.78668325644497,7.870311260223389,205800,0.0,0
2020-07-09,7.861018939691328,7.879602447932694,7.7959753316175,7.83314323425293,83900,0.0,0
2020-07-10,7.749516531171369,7.8145601501512685,7.712348622303876,7.795976638793945,182600,0.0,0
2020-07-13,7.823851180216182,7.842434688797587,7.786683276900656,7.814558982849121,62900,0.0,0
2020-07-14,7.777391079533596,7.814558982849121,7.75880757095219,7.814558982849121,66200,0.0,0
2020-07-15,7.879602715203504,7.879602715203504,7.823851302435658,7.85172700881958,54600,0.0,0
2020-07-16,7.842435953453301,7.898188260493454,7.833144640740658,7.879603862762451,140200,0.0,0
2020-07-17,7.861020351184305,7.907480459358956,7.861020351184305,7.879603862762451,50100,0.0,0
2020-07-20,7.88889448664443,7.898186683654785,7.88889448664443,7.898186683654785,36800,0.0,0
2020-07-21,7.8888951557194655,7.935355258558945,7.8888951557194655,7.926063060760498,95500,0.0,0
2020-07-22,7.96323082127116,7.972523018900956,7.944647312164307,7.944647312164307,52000,0.0,0
2020-07-23,7.944647312164307,7.972523018900956,7.944647312164307,7.944647312164307,64700,0.0,0
2020-07-24,7.944646231831794,7.944646231831794,7.888893939787089,7.907478332519531,45900,0.0,0
2020-07-27,7.89818613615331,7.9260618390993525,7.888893939787089,7.907478332519531,70200,0.0,0
2020-07-28,7.9167721529075745,7.944647861571953,7.8981877563627885,7.9353556632995605,30800,0.0,0
2020-07-29,7.944646537920077,8.028274536132812,7.9353543411958505,8.028274536132812,103600,0.0,0
2020-07-30,8.000397820588326,8.009690017166937,7.981814313583741,7.9911065101623535,57000,0.0,0
2020-07-31,8.00969047980427,8.037566184997559,8.00969047980427,8.037566184997559,64400,0.0,0
2020-08-03,8.018982339408586,8.046858043428614,8.000397945960131,8.028274536132812,73500,0.0,0
2020-08-04,8.03756678273247,8.074734687805176,8.018983273272497,8.074734687805176,48200,0.0,0
2020-08-05,8.065442686180614,8.10261058807373,8.065442686180614,8.10261058807373,61100,0.0,0
2020-08-06,8.102610640540684,8.149070739746094,8.102610640540684,8.149070739746094,23800,0.0,0
2020-08-07,8.139778542674476,8.158362050665028,8.074734049325825,8.149070739746094,116600,0.0,0
2020-08-10,8.158361490592965,8.204821586608887,8.158361490592965,8.204821586608887,56700,0.0,0
2020-08-11,8.214114135484968,8.223406332317378,8.149070529963431,8.167654037475586,57500,0.0,0
2020-08-12,8.158362841143296,8.214115142822266,8.139779331352155,8.214115142822266,68600,0.0,0
2020-08-13,8.18623979206616,8.232699011646517,8.167655395311769,8.176947593688965,33400,0.0,0
2020-08-14,8.186238377047623,8.186238377047623,8.111901689032214,8.121193885803223,109600,0.0,0
2020-08-17,8.130485731978188,8.176945827677159,8.130485731978188,8.158361434936523,44100,0.0,0
2020-08-18,8.149071288578789,8.176946995518364,8.121194695486466,8.139779090881348,44300,0.0,0
2020-08-19,8.130486136298613,8.176946234307994,8.130486136298613,8.167654037475586,29600,0.0,0
2020-08-20,8.167654037475586,8.186238431140405,8.139778333131023,8.167654037475586,55700,0.0,0
2020-08-21,8.13048608257423,8.149070476116247,8.121193885803223,8.121193885803223,53700,0.0,0
2020-08-24,8.158362050665028,8.167654247736646,8.149070739746094,8.149070739746094,47700,0.0,0
2020-08-25,8.139778633569525,8.16765433894298,8.074734139494538,8.084026336669922,73200,0.0,0
2020-08-26,8.093318533845304,8.093318533845304,8.056150631296468,8.084026336669922,87800,0.0,0
2020-08-27,8.093318745041302,8.121194451142175,8.056150841522566,8.06544303894043,69700,0.0,0
2020-08-28,8.065442477482486,8.121193885803223,8.04685808394047,8.121193885803223,114800,0.0,0
2020-08-31,8.084026336669922,8.102610731020688,8.074734139494538,8.084026336669922,51400,0.0,0
2020-09-01,8.102610925692558,8.130486631735748,8.093318728293921,8.111902236938477,32400,0.0,0
2020-09-02,8.139779090881348,8.186239193215805,8.121194695486466,8.139779090881348,135000,0.0,0
2020-09-03,8.149071838665986,8.176947547487257,8.130487442016602,8.130487442016602,47100,0.0,0
2020-09-04,8.130487442016602,8.149071838665986,8.12119524369191,8.130487442016602,71200,0.0,0
2020-09-08,8.111902236938477,8.121194434337111,8.065443022250731,8.111902236938477,71900,0.0,0
2020-09-09,8.158362600123484,8.158362600123484,8.130486893183907,8.139779090881348,68800,0.0,0
2020-09-10,8.130486893183907,8.158362600123484,8.102611186244332,8.139779090881348,78400,0.0,0
2020-09-11,8.158363150837872,8.158363150837872,8.130487442016602,8.130487442016602,69200,0.0,0
2020-09-14,8.130486893183907,8.158362600123484,8.102611186244332,8.139779090881348,84900,0.0,0
2020-09-15,8.139778542674476,8.158362050665028,8.111901951459616,8.149070739746094,44800,0.0,0
2020-09-16,8.139779090881348,8.158362600123484,8.139779090881348,8.139779090881348,40600,0.0,0
2020-09-17,8.130486631735748,8.139778829134384,8.102610925692558,8.111902236938477,36700,0.0,0
2020-09-18,8.139778829134384,8.139778829134384,8.093318728293921,8.111902236938477,69300,0.0,0
2020-09-21,8.084026641288547,8.084026641288547,7.981815126965932,8.000398635864258,93300,0.0,0
2020-09-22,8.037566752457446,8.04685895022881,7.963230942592038,7.981815338134766,172900,0.0,0
2020-09-23,8.009690461721338,8.009690461721338,7.879602360858532,7.888894557952881,113100,0.0,0
2020-09-24,7.898186683654785,7.916771077675495,7.851726584755692,7.898186683654785,71500,0.0,0
2020-09-25,7.898186966098625,7.898186966098625,7.8610190628807395,7.870311260223389,48500,0.0,0
2020-09-28,7.879602271272122,7.972522468853776,7.879602271272122,7.953938961029053,86000,0.0,0
2020-09-29,7.953938854429858,8.00100376197919,7.935113430023193,7.935113430023193,199100,0.11,0
2020-09-30,7.925701434455356,7.953940024062081,7.897462844848632,7.897462844848633,77300,0.0,0
2020-10-01,7.935113185274584,7.98217719368384,7.897461439934129,7.90687370300293,48400,0.0,0
2020-10-02,7.869221210479736,7.916286112108597,7.869221210479736,7.869221210479736,30700,0.0,0
2020-10-05,7.897462844848632,7.925701434455356,7.859811092810141,7.897462844848633,36200,0.0,0
2020-10-06,7.972765012779956,7.982177275945755,7.89746152132299,7.916286945343018,97500,0.0,0
2020-10-07,7.935113455299874,7.972765201921587,7.935113455299874,7.944525718688965,68000,0.0,0
2020-10-08,7.991591717475994,8.057482956326425,7.991591717475994,8.029243469238281,125000,0.0,0
2020-10-09,8.076306629838244,8.076306629838244,8.019829463301404,8.048068046569824,64300,0.0,0
2020-10-12,8.076306738020705,8.076306738020705,8.029241833483985,8.066893577575684,46200,0.0,0
2020-10-13,8.076306629838244,8.076306629838244,8.038654886250892,8.048068046569824,45700,0.0,0
2020-10-14,8.010416858576413,8.085720350974087,8.010416858576413,8.05748176574707,29000,0.0,0
2020-10-15,8.038656499284707,8.085721412635019,8.010417910349943,8.076308250427246,102800,0.0,0
2020-10-16,8.066894822746674,8.085721146542667,8.038656234741211,8.038656234741211,103500,0.0,0
2020-10-19,8.048068154374029,8.095133058910749,8.048068154374029,8.066893577575684,65200,0.0,0
2020-10-20,8.066893577575684,8.095133058910749,8.066893577575684,8.066893577575684,26900,0.0,0
2020-10-21,8.066893347230087,8.113958250422895,8.04806792456598,8.095132827758789,40300,0.0,0
2020-10-22,8.066893740984456,8.08572006225586,8.057481478037163,8.08572006225586,38600,0.0,0
2020-10-23,8.095132827758789,8.095132827758789,8.085719667582556,8.095132827758789,12900,0.0,0
2020-10-26,8.07630675371055,8.07630675371055,7.982176944454243,8.00100326538086,43400,0.0,0
2020-10-27,8.010415636850567,8.038654217770718,8.010415636850567,8.019828796386719,22900,0.0,0
2020-10-28,7.991590626388218,8.0104169485433,7.944525718688966,7.944525718688965,39300,0.0,0
2020-10-29,7.953937815775512,7.982176397542235,7.906872914372087,7.925699234008789,29100,0.0,0
2020-10-30,7.9539386910714995,7.9539386910714995,7.859809775594507,7.916286945343018,31600,0.0,0
2020-11-02,7.944525799855342,7.963352122202764,7.935113536370088,7.953938961029053,20500,0.0,0
2020-11-03,7.982176944454243,8.01041642584417,7.953938360752707,8.00100326538086,57800,0.0,0
2020-11-04,8.001004748142169,8.113960001569785,8.001004748142169,8.076308250427246,42400,0.0,0
2020-11-05,8.170437360939614,8.189262786016442,8.095133865255344,8.179849624633789,33800,0.0,0
2020-11-06,8.198674640725361,8.255152702331543,8.179848320960522,8.255152702331543,78100,0.0,0
2020-11-09,8.273978898918228,8.330456965811207,8.264565738154664,8.302217483520508,60900,0.0,0
2020-11-10,8.377521699895508,8.377521699895508,8.292805938750769,8.33045768737793,50100,0.0,0
2020-11-11,8.302216980522475,8.330456461102257,8.264565237437797,8.292804718017578,17000,0.0,0
2020-11-12,8.33045768737793,8.349283112847262,8.3116313642201,8.33045768737793,71400,0.0,0
2020-11-13,8.330457110211968,8.386934280395508,8.321043949285235,8.386934280395508,25800,0.0,0
2020-11-16,8.377520724931589,8.396347045898438,8.368108462136558,8.396347045898438,84300,0.0,0
2020-11-17,8.339868980686285,8.396347045898438,8.330456717891252,8.396347045898438,56600,0.0,0
2020-11-18,8.377520724931589,8.405760206381862,8.377520724931589,8.396347045898438,18400,0.0,0
2020-11-19,8.42458494818817,8.433998107910156,8.386933206988548,8.433998107910156,28900,0.0,0
2020-11-20,8.433998666741706,8.443411827087402,8.415172346050316,8.443411827087402,36200,0.0,0
2020-11-23,8.433998666741706,8.443411827087402,8.415172346050316,8.443411827087402,28400,0.0,0
2020-11-24,8.4339993306124,8.471651077270508,8.42458616952576,8.471651077270508,43700,0.0,0
2020-11-25,8.471651473294255,8.471651473294255,8.443412886402717,8.462238311767578,27500,0.0,0
2020-11-27,8.471650682125858,8.490477003421018,8.462237521478277,8.481063842773438,64500,0.0,0
2020-11-30,8.471650914401671,8.50930266033592,8.433999168467423,8.452824592590332,30600,0.0,0
2020-12-01,8.443411704917265,8.528128351425977,8.443411704917265,8.490476608276367,81500,0.0,0
2020-12-02,8.481063719099229,8.53754088678432,8.481063719099229,8.528128623962402,28100,0.0,0
2020-12-03,8.546954712902128,8.565781035388886,8.528129288103838,8.556367874145508,47500,0.0,0
2020-12-04,8.54695431803146,8.584606063576992,8.537541157222972,8.565780639648438,40700,0.0,0
2020-12-07,8.565780872658982,8.565780872658982,8.537541389465332,8.537541389465332,96400,0.0,0
2020-12-08,8.546954712902128,8.603432782673934,8.53754155165875,8.556367874145508,414500,0.0,0
2020-12-09,8.575192615171652,8.594018936157227,8.54695403138168,8.594018936157227,34900,0.0,0
2020-12-10,8.537540994339361,8.56578047622606,8.537540994339361,8.546954154968262,45100,0.0,0
2020-12-11,8.54695455052988,8.556367711594431,8.52812912608923,8.537541389465332,64300,0.0,0
2020-12-14,8.54695431803146,8.59401922438548,8.518715733294417,8.565780639648438,76500,0.0,0
2020-12-15,8.575192884799105,8.810516518387658,8.546954300121236,8.631670951843262,140700,0.0,0
2020-12-16,8.659910498776695,8.791692071397174,8.650497336941978,8.763453483581543,184300,0.0,0
2020-12-17,8.82533461744698,8.834854244769588,8.749171243368632,8.777732849121094,73600,0.105,0
2020-12-18,8.739652702346975,8.768213403721193,8.701571464538574,8.701571464538574,45500,0.0,0
2020-12-21,8.663489286589048,8.711090147737771,8.606366982111059,8.68252944946289,94100,0.0,0
2020-12-22,8.701571407450505,8.739652645009068,8.701571407450505,8.720611572265625,46100,0.0,0
2020-12-23,8.758692809824188,8.758692809824188,8.720611572265625,8.720611572265625,27200,0.0,0
2020-12-24,8.758691792284717,8.758691792284717,8.73013109441591,8.749171257019043,8600,0.0,0
2020-12-28,8.720611504133004,8.77773381398872,8.720611504133004,8.758692741394043,25400,0.0,0
2020-12-29,8.77773381398872,8.787253442357745,8.749172205096706,8.758692741394043,46100,0.0,0
2020-12-30,8.77773381398872,8.787253442357745,8.558766018791504,8.758692741394043,36100,0.0,0
2020-12-31,8.758691715087148,8.815814018249512,8.758691715087148,8.815814018249512,40500,0.0,0
2021-01-04,8.79677404738275,8.815815120126192,8.711091035893904,8.720611572265625,24600,0.0,0
2021-01-05,8.739651749214785,8.739651749214785,8.644448211112364,8.692049980163574,22500,0.0,0
2021-01-06,8.663489356065947,8.692050054569869,8.59684651565248,8.634927749633789,49400,0.0,0
2021-01-07,8.644449297429611,8.653969834021911,8.596847522396455,8.615888595581055,75400,0.0,0
2021-01-08,8.57780647277832,8.615887707293046,8.54924486594609,8.57780647277832,84400,0.0,0
2021-01-11,8.501644008620739,8.568285942077637,8.501644008620739,8.568285942077637,46400,0.0,0
2021-01-12,8.568285876958923,8.606367111206055,8.53020464271179,8.606367111206055,41800,0.0,0
2021-01-13,8.606367171682303,8.634927870586285,8.568285937167577,8.57780647277832,43500,0.0,0
2021-01-14,8.53972611869934,8.625409132173354,8.53972611869934,8.615888595581055,34700,0.0,0
2021-01-15,8.673008974040673,8.73965181438057,8.625408112562763,8.653968811035156,61900,0.0,0
2021-01-19,8.634927749633789,8.682529519092483,8.615887586607252,8.634927749633789,55700,0.0,0
2021-01-20,8.634927680385939,8.73965175394088,8.634927680385939,8.68252944946289,35600,0.0,0
2021-01-21,8.701571464538574,8.720611629478611,8.68253039167021,8.701571464538574,33100,0.0,0
2021-01-22,8.701570382970958,8.796773011694519,8.701570382970958,8.777732849121094,68000,0.0,0
2021-01-25,8.758691778619452,8.80629354694534,8.730131080795205,8.777732849121094,47000,0.0,0
2021-01-26,8.80629347859634,8.844374711375844,8.768212245816835,8.825334548950195,69000,0.0,0
2021-01-27,8.806293483067751,8.844374715866591,8.777732785450672,8.815814018249512,89100,0.0,0
2021-01-28,8.8538941746628,8.891975402832031,8.81581294649357,8.891975402832031,36300,0.0,0
2021-01-29,8.911016523027698,8.911016523027698,8.863415663633706,8.882455825805664,82900,0.0,0
2021-02-01,8.87293529510498,8.90149690026921,8.76821213328739,8.87293529510498,49900,0.0,0
2021-02-02,8.882457720394134,8.91101842370804,8.863417554160995,8.901498794555664,38900,0.0,0
2021-02-03,8.911017542028313,8.911017542028313,8.80629436828666,8.853896141052246,130200,0.0,0
2021-02-04,8.872934334783368,8.939577165025591,8.872934334783368,8.891975402832031,16900,0.0,0
2021-02-05,8.920537062450501,8.949097759686536,8.87293529510498,8.87293529510498,44300,0.0,0
2021-02-08,8.911016397411343,8.99669939579779,8.882455700591922,8.9586181640625,149100,0.0,0
2021-02-09,8.939577878264624,9.0633421066711,8.92053680869678,9.034780502319336,102500,0.0,0
2021-02-10,9.044301153955999,9.0728618507486,8.977659225463867,8.977659225463867,33600,0.0,0
2021-02-11,9.025260991693406,9.082383298950827,8.92053782097112,8.98717975616455,109500,0.0,0
2021-02-12,8.930058351710052,9.139505600962687,8.930058351710052,8.996700286865234,66800,0.0,0
2021-02-16,8.958619122971054,9.01574143065231,8.901497723218078,8.949098587036133,84500,0.0,0
2021-02-17,8.911017542028313,8.939579150444645,8.796773832147881,8.853896141052246,69800,0.0,0
2021-02-18,8.834854194200886,8.834854194200886,8.768212263683015,8.787252426147461,19000,0.0,0
2021-02-19,8.806293496540114,8.920537195111411,8.787252426147461,8.787252426147461,31800,0.0,0
2021-02-22,8.777733940155375,8.777733940155375,8.692050928104392,8.701571464538574,92500,0.0,0
2021-02-23,8.68252957970032,8.692050115244163,8.568285876958923,8.606367111206055,59500,0.0,0
2021-02-24,8.56828667824501,8.78725356866123,8.56828667824501,8.701571464538574,95900,0.0,0
2021-02-25,8.730130436311908,8.730130436311908,8.54924391161274,8.587326049804688,55000,0.0,0
2021-02-26,8.615886811082744,8.663488576256757,8.539724349975586,8.539724349975586,60400,0.0,0
2021-03-01,8.568285876958923,8.65396888099703,8.539725178255635,8.606367111206055,62300,0.0,0
2021-03-02,8.63492861742763,8.701571464538574,8.577807214679192,8.701571464538574,47300,0.0,0
2021-03-03,8.682530334707064,8.758692809824188,8.663490169891944,8.720611572265625,73800,0.0,0
2021-03-04,8.711089367215934,8.711089367215934,8.577805515256701,8.587326049804688,63600,0.0,0
2021-03-05,8.568286901733778,8.60636814053546,8.539726199614604,8.55876636505127,40200,0.0,0
2021-03-08,8.492122650146484,8.549244042452312,8.482602115452792,8.492122650146484,56300,0.0,0
2021-03-09,8.530203876986667,8.568285107815386,8.482602111468728,8.501643180847168,39000,0.0,0
2021-03-10,8.501644200790397,8.530204900356328,8.454042429561667,8.463562965393066,139400,0.0,0
2021-03-11,8.482603007397692,8.530204777943311,8.482603007397692,8.520684242248535,54900,0.0,0
2021-03-12,8.530203943267297,8.530203943267297,8.454041481018066,8.454041481018066,40500,0.0,0
2021-03-15,8.482603073120117,8.482603073120117,8.454042373742762,8.482603073120117,67900,0.0,0
2021-03-16,8.492123543092466,8.520684242248535,8.482603007397692,8.520684242248535,36900,0.0,0
2021-03-17,8.501643123328632,8.549243980596366,8.482602054079017,8.530203819274902,67500,0.0,0
2021-03-18,8.520684308266011,8.520684308266011,8.463562909511301,8.482603073120117,44100,0.0,0
2021-03-19,8.539724349975586,8.549243976667865,8.511162746114286,8.539724349975586,59800,0.0,0
2021-03-22,8.520684242248535,8.549244941404604,8.482603007397692,8.520684242248535,75000,0.0,0
2021-03-23,8.530203876986667,8.539724411675888,8.501643180847168,8.501643180847168,20400,0.0,0
2021-03-24,8.539725313638085,8.549244941404604,8.501644078787242,8.520684242248535,41100,0.0,0
2021-03-25,8.511162811605706,8.511162811605706,8.473081580759102,8.492122650146484,45900,0.0,0
2021-03-26,8.501644018397032,8.54924488067627,8.501644018397032,8.54924488067627,40500,0.0,0
2021-03-29,8.558765401556833,8.57780647277832,8.530204702652851,8.57780647277832,37600,0.0,0
2021-03-30,8.582622798422449,8.611520261559884,8.582622798422449,8.592255592346191,18200,0.105,0
2021-03-31,8.592255684602756,8.640418736104808,8.582622890575585,8.630785942077637,51600,0.0,0
2021-04-01,8.630785084488403,8.6885809242748,8.621152291418387,8.669315338134766,24100,0.0,0
2021-04-05,8.717478703918564,8.717478703918564,8.611519813537598,8.611519813537598,58700,0.0,0
2021-04-06,8.630784206905615,8.630784206905615,8.592253957177029,8.601886749267578,47000,0.0,0
2021-04-07,8.601887892704074,8.698213070513095,8.601887892704074,8.678948402404785,74800,0.0,0
2021-04-08,8.659682545064747,8.69821279871111,8.659682545064747,8.669315338134766,15700,0.0,0
2021-04-09,8.659681764769475,8.669314556971514,8.611518722392908,8.640417098999023,30200,0.0,0
2021-04-12,8.659681764769475,8.659681764769475,8.621151514594946,8.640417098999023,16500,0.0,0
2021-04-13,8.62115188333581,8.69821238698087,8.62115188333581,8.688580513000488,90200,0.0,0
2021-04-14,8.65968295679706,8.688581337381112,8.650050163269043,8.650050163269043,49100,0.0,0
2021-04-15,8.717479257567021,8.756009515070687,8.698213669498289,8.736743927001953,69200,0.0,0
2021-04-16,8.75600937226044,8.794539629135679,8.746376578383185,8.765642166137695,60800,0.0,0
2021-04-19,8.765642309105054,8.765642309105054,8.707846463532654,8.736743927001953,30700,0.0,0
2021-04-20,8.746375529542494,8.746375529542494,8.727110862731932,8.727110862731934,6400,0.0,0
2021-04-21,8.72711163976207,8.765641895447462,8.72711163976207,8.756009101867676,29100,0.0,0
2021-04-22,8.717479257567021,8.756009515070687,8.717479257567021,8.736743927001953,43900,0.0,0
2021-04-23,8.765641114986732,8.765641114986732,8.727110862731932,8.727110862731934,54100,0.0,0
2021-04-26,8.717479115385201,8.765642166137695,8.717479115385201,8.765642166137695,24700,0.0,0
2021-04-27,8.756009515070687,8.756009515070687,8.736743927001953,8.736743927001953,25800,0.0,0
2021-04-28,8.736743069337834,8.775273323059082,8.727111194882806,8.775273323059082,39100,0.0,0
2021-04-29,8.765641624160985,8.775273498808918,8.736743244315994,8.746376037597656,34900,0.0,0
2021-04-30,8.69821352763069,8.775274041381167,8.69821352763069,8.765642166137695,20900,0.0,0
2021-05-03,8.77527246914431,8.813802719116211,8.765640595626552,8.813802719116211,46900,0.0,0
2021-05-04,8.75600883087932,8.794539085372246,8.746376037597656,8.746376037597656,38800,0.0,0
2021-05-05,8.765641624160985,8.765641624160985,8.698212989823068,8.746376037597656,333800,0.0,0
2021-05-06,8.717479115385201,8.775274041381167,8.717479115385201,8.765642166137695,58000,0.0,0
2021-05-07,8.775274133932585,8.813804391214196,8.76564225858753,8.80417251586914,35600,0.0,0
2021-05-10,8.775274133932585,8.813804391214196,8.775274133932585,8.80417251586914,60600,0.0,0
2021-05-11,8.794538909236561,8.794538909236561,8.746375862426573,8.775273323059082,181600,0.0,0
2021-05-12,8.746375941937726,8.784906196009244,8.688581020147312,8.707845687866211,67500,0.0,0
2021-05-13,8.736742638803403,8.76564101664555,8.688580513000487,8.688580513000488,89600,0.0,0
2021-05-14,8.698213669498289,8.756009515070687,8.698213669498289,8.736743927001953,17500,0.0,0
2021-05-17,8.736743069337834,8.775273323059082,8.736743069337834,8.775273323059082,10000,0.0,0
2021-05-18,8.77527246914431,8.813802719116211,8.77527246914431,8.813802719116211,18500,0.0,0
2021-05-19,8.794539085372246,8.813803753301844,8.746376037597656,8.746376037597656,41400,0.0,0
2021-05-20,8.765641895447462,8.813804026078886,8.756009101867676,8.756009101867676,39100,0.0,0
2021-05-21,8.765641719190652,8.794539180715196,8.756008925804558,8.784906387329102,15300,0.0,0
2021-05-24,8.813803943570935,8.842702324039772,8.775273688246232,8.823436737060547,35100,0.0,0
2021-05-25,8.842701833698321,8.9197623400746,8.80417158051018,8.91012954711914,43400,0.0,0
2021-05-26,8.919763068708564,9.016088250230638,8.900497481223885,9.00645637512207,44900,0.0,0
2021-05-27,9.054617766916243,9.054617766916243,8.890863961208222,8.91012954711914,136900,0.0,0
2021-05-28,8.958292785728498,9.035353293760396,8.948659992566082,8.987190246582031,30700,0.0,0
2021-06-01,9.035353074898923,9.093147995206033,9.006455614745368,9.083516120910645,53200,0.0,0
2021-06-02,9.083515750959329,9.083515750959329,9.006455247932553,9.03535270690918,50800,0.0,0
2021-06-03,9.025721279711707,9.025721279711707,8.958293559021763,9.016088485717773,63900,0.0,0
2021-06-04,9.064250165885806,9.102780417399195,8.996822455395792,9.03535270690918,73600,0.0,0
2021-06-07,9.035353389578047,9.06425085073803,9.025720596313478,9.025720596313477,26900,0.0,0
2021-06-08,9.073883739410777,9.09314840750875,9.02572069121524,9.064250946044922,36100,0.0,0
2021-06-09,9.044985867828007,9.102780788135117,9.044985867828007,9.083516120910645,49100,0.0,0
2021-06-10,9.073884423633663,9.102781887276526,9.054618835449219,9.054618835449219,29300,0.0,0
2021-06-11,9.073883327981562,9.122046373993284,9.073883327981562,9.083516120910645,44200,0.0,0
2021-06-14,9.06425162954144,9.102781887276526,9.016088577714132,9.054618835449219,47700,0.0,0
2021-06-15,9.054618743059711,9.064251537053645,8.977558228375834,9.016088485717773,67600,0.0,0
2021-06-16,9.006455247932553,9.131677876375822,8.98718966285903,9.03535270690918,116400,0.0,0
2021-06-17,8.987190436385557,9.102781200874604,8.987190436385557,9.064250946044922,64200,0.0,0
2021-06-18,9.064251721245444,9.102781979370343,9.054618927055765,9.093149185180664,40400,0.0,0
2021-06-21,9.122047382383451,9.131679257743588,9.016088485717773,9.016088485717773,35900,0.0,0
2021-06-22,9.035352901684103,9.150943658716054,9.035352901684103,9.11241340637207,51500,0.0,0
2021-06-23,9.131679443305565,9.141312237495244,9.093149185180664,9.093149185180664,136800,0.0,0
2021-06-24,9.131678073227222,9.131678073227222,9.093147820883239,9.11241340637207,70800,0.0,0
2021-06-25,9.122046882708931,9.14131155100775,9.093148502310084,9.102781295776367,30100,0.0,0
2021-06-28,9.102780613627655,9.141310865971638,9.102780613627655,9.11241340637207,102900,0.0,0
2021-06-29,9.141651883639739,9.141651883639739,9.073430899179531,9.09292221069336,48600,0.11,0
2021-06-30,9.102668239666842,9.122159550984737,9.092922119287298,9.112414360046387,65200,0.0,0
2021-07-01,9.131906416403051,9.19038221400995,9.112415103494934,9.151398658752441,52700,0.0,0
2021-07-02,9.190381365917474,9.239110108411698,9.190381365917474,9.219618797302246,6700,0.0,0
2021-07-06,9.209872155694338,9.2391095854241,9.170888606240947,9.229364395141602,29100,0.0,0
2021-07-07,9.209872155694338,9.258601824871363,9.209872155694338,9.229364395141602,22700,0.0,0
2021-07-08,9.219618797302246,9.239110108411698,9.170889125366838,9.219618797302246,27300,0.0,0
2021-07-09,9.258603188974398,9.26834931013396,9.229365754936982,9.239110946655273,65600,0.0,0
2021-07-12,9.20987319946289,9.239110632506172,9.20987319946289,9.20987319946289,47500,0.0,0
2021-07-13,9.229365441119237,9.278095115818866,9.200127078634717,9.20987319946289,65000,0.0,0
2021-07-14,9.248856022276174,9.297585693124061,9.21961859154391,9.258602142333984,61900,0.0,0
2021-07-15,9.287839461190543,9.287839461190543,9.170888810229034,9.190381050109863,60100,0.0,0
2021-07-16,9.180636082820238,9.219619638035219,9.063685417175293,9.063685417175293,56800,0.0,0
2021-07-19,9.063684554621076,9.122159417158098,9.034447123352567,9.04419231414795,66200,0.0,0
2021-07-20,9.063684554621076,9.083175865653024,9.04419231414795,9.04419231414795,30200,0.0,0
2021-07-21,9.073430899179531,9.161143195153569,9.073430899179531,9.09292221069336,30700,0.0,0
2021-07-22,9.122159759141914,9.180635553312335,9.024701341446166,9.073431015014648,29900,0.0,0
2021-07-23,9.102668331170877,9.122159642684705,9.063684778702013,9.09292221069336,33100,0.0,0
2021-07-26,9.092922004141771,9.131905555725098,9.092922004141771,9.131905555725098,16400,0.0,0
2021-07-27,9.131905779238343,9.190381572765183,9.131905779238343,9.180635452270508,24100,0.0,0
2021-07-28,9.190381160811643,9.268348262391795,9.180635040753835,9.258602142333984,80700,0.0,0
2021-07-29,9.22936471160172,9.268348262391795,9.22936471160172,9.258602142333984,48700,0.0,0
2021-07-30,9.268349007955857,9.297586441040039,9.219619333188062,9.297586441040039,31000,0.0,0
2021-08-02,9.297586009916252,9.32682344164471,9.278094698577679,9.287839889526367,42600,0.0,0
2021-08-03,9.258602457797908,9.34631568242448,9.248856337408023,9.287839889526367,33600,0.0,0
2021-08-04,9.307331722133263,9.326823032617046,9.268348171724544,9.278094291687012,28200,0.0,0
2021-08-05,9.26834815075087,9.326823011511047,9.15139749978936,9.190381050109863,41100,0.0,0
2021-08-06,9.209872381390884,9.317077842095733,9.209872381390884,9.278094291687012,17200,0.0,0
2021-08-09,9.278095431293522,9.278095431293522,9.21961963377742,9.239110946655273,27000,0.0,0
2021-08-10,9.268347967421713,9.31707763671875,9.248855727926443,9.31707763671875,30200,0.0,0
2021-08-11,9.317078682723652,9.32682387412422,9.278095128797665,9.297586441040039,28300,0.0,0
2021-08-12,9.317078682723652,9.32682387412422,9.297586441040039,9.297586441040039,32900,0.0,0
2021-08-13,9.307332353641748,9.346315906695526,9.307332353641748,9.336569786071777,29700,0.0,0
2021-08-16,9.317078474265497,9.356062027319277,9.317078474265497,9.336569786071777,19700,0.0,0
2021-08-17,9.336569694368755,9.365807126511617,9.336569694368755,9.356061935424805,34300,0.0,0
2021-08-18,9.414536365579014,9.414536365579014,9.346315383911133,9.346315383911133,39800,0.0,0
2021-08-19,9.346315699322197,9.375553131103516,9.346315699322197,9.375553131103516,30800,0.0,0
2021-08-20,9.346316430572495,9.375553864641331,9.326824188232422,9.326824188232422,18200,0.0,0
2021-08-23,9.356061919568802,9.375553231150608,9.248856452824642,9.268348693847656,55900,0.0,0
2021-08-24,9.239109902218365,9.28783957306625,9.239109902218365,9.258602142333984,47600,0.0,0
2021-08-25,9.258601824871363,9.258601824871363,9.229364395141602,9.229364395141602,21500,0.0,0
2021-08-26,9.239110408772346,9.248856529364508,9.131905870582212,9.16114330291748,18400,0.0,0
2021-08-27,9.170888810229034,9.200126240609123,9.15139749978936,9.190381050109863,26500,0.0,0
2021-08-30,9.190381887247781,9.229365441119237,9.190381887247781,9.20987319946289,41800,0.0,0
2021-08-31,9.219618797302246,9.258602348962334,9.219618797302246,9.219618797302246,46800,0.0,0
2021-09-01,9.239110347970936,9.356061935424805,9.239110347970936,9.356061935424805,38700,0.0,0
2021-09-02,9.34631568242448,9.375553114152938,9.287839889526365,9.287839889526367,34600,0.0,0
2021-09-03,9.258602665102735,9.258602665102735,9.229365232719637,9.248856544494629,22400,0.0,0
2021-09-07,9.258603198924709,9.346316430572495,9.239110956584636,9.326824188232422,26900,0.0,0
2021-09-08,9.356061819729703,9.424282803699846,9.356061819729703,9.375553131103516,48800,0.0,0
2021-09-09,9.424282164113738,9.424282164113738,9.39504473431664,9.404789924621582,51600,0.0,0
2021-09-10,9.453520125526865,9.453520125526865,9.239110126261545,9.307332038879395,50500,0.0,0
2021-09-13,9.375553131103516,9.395045371918528,9.356061819729703,9.375553131103516,24100,0.0,0
2021-09-14,9.375553114152938,9.385299234542822,9.278094698577679,9.287839889526367,15900,0.0,0
2021-09-15,9.31707763671875,9.31707763671875,9.29758539722348,9.31707763671875,40900,0.0,0
2021-09-16,9.268348262391795,9.336569243914136,9.258602142333984,9.258602142333984,41700,0.0,0
2021-09-17,9.258602348962334,9.268348469237653,9.219618797302246,9.219618797302246,29800,0.0,0
2021-09-20,9.219619307146047,9.219619307146047,9.122159957885742,9.122159957885742,65600,0.0,0
2021-09-21,9.151398320328575,9.20012706551749,9.073431212696827,9.122159957885742,45000,0.0,0
2021-09-22,9.151397296234817,9.229364395141602,9.141651176511186,9.229364395141602,49400,0.0,0
2021-09-23,9.229365441119237,9.229365441119237,9.200127078634717,9.20987319946289,79700,0.0,0
2021-09-24,9.209872768321148,9.209872768321148,9.190381457018486,9.200126647949219,29400,0.0,0
2021-09-27,9.16114300509152,9.248856228687016,9.16114300509152,9.219618797302246,25900,0.0,0
2021-09-28,9.200125965334678,9.200125965334678,8.966224670410156,8.966224670410156,48400,0.0,0
2021-09-29,9.084591118139526,9.183229834051327,9.074727058410645,9.074727058410645,28900,0.11,0
2021-09-30,9.074727033256178,9.153637629491477,8.985952377319336,8.985952377319336,35100,0.0,0
2021-10-01,9.025407895874302,9.084591314840532,8.976089477539062,8.976089477539062,34700,0.0,0
2021-10-04,8.976089569796795,8.976089569796795,8.926770210266113,8.926770210266113,72300,0.0,0
2021-10-05,8.926770736612976,8.976090099051664,8.91690667598752,8.946497917175293,99100,0.0,0
2021-10-06,8.907041768901886,8.916905828589934,8.709765278583449,8.897178649902344,45200,0.0,0
2021-10-07,8.8971793835441,8.97608998617827,8.8971793835441,8.907042503356934,80800,0.0,0
2021-10-08,8.946497066965573,8.946497066965573,8.877450530526247,8.897178649902344,38200,0.0,0
2021-10-11,8.916906356811523,8.926770417083901,8.89717917695533,8.916906356811523,39500,0.0,0
2021-10-12,8.916906150222268,8.926770210266113,8.85772273064774,8.926770210266113,42800,0.0,0
2021-10-13,8.926770324094527,8.976089684254097,8.926770324094527,8.966225624084473,24000,0.0,0
2021-10-14,8.966225737414186,9.055000398685783,8.966225737414186,9.005681037902832,61800,0.0,0
2021-10-15,9.084591092957718,9.114182331373827,8.956361138903226,8.985952377319336,55600,0.0,0
2021-10-18,9.005680612170233,9.025407791137695,8.966225313546786,9.025407791137695,36900,0.0,0
2021-10-19,9.025407895874302,9.074727254898072,8.946497297711682,8.976089477539062,50000,0.0,0
2021-10-20,8.985953218988524,9.015545400864895,8.936634797238433,8.946497917175293,29200,0.0,0
2021-10-21,8.916905828589934,8.946497066965573,8.887314590214295,8.897178649902344,28900,0.0,0
2021-10-22,8.916906469729298,8.956361770629883,8.877451168828713,8.956361770629883,54600,0.0,0
2021-10-25,8.956361657212472,8.995816957613421,8.916906356811523,8.916906356811523,46600,0.0,0
2021-10-26,8.936634063720703,8.976089362295447,8.926770003904887,8.936634063720703,31400,0.0,0
2021-10-27,8.966225531705986,9.015544891357422,8.926770232122545,9.015544891357422,32200,0.0,0
2021-10-28,9.025408425322974,9.045136546365185,8.96622594357351,8.995817184448242,27800,0.0,0
2021-10-29,8.995816437020876,9.015544556423956,8.936633960188654,8.985952377319336,46800,0.0,0
2021-11-01,9.015544984244045,9.015544984244045,8.956361563914848,8.966225624084473,34300,0.0,0
2021-11-02,8.966225624084473,8.995816863904794,8.946497503745222,8.966225624084473,31000,0.0,0
2021-11-03,8.97608998617827,9.005681226993937,8.907042503356934,8.907042503356934,35500,0.0,0
2021-11-04,8.916906469729298,8.995817071530468,8.916906469729298,8.956361770629883,46100,0.0,0
2021-11-05,8.966225531705986,9.035272070804872,8.966225531705986,9.015544891357422,57800,0.0,0
2021-11-08,9.045136265496128,9.153638105793341,9.045136265496128,9.14377498626709,54600,0.0,0
2021-11-09,9.173366339748569,9.212821640407524,9.153638219074807,9.18323040008545,49300,0.0,0
2021-11-10,9.202957153320312,9.22268527307926,9.163501854490939,9.202957153320312,123200,0.0,0
2021-11-11,9.222685813903809,9.222685813903809,9.19309363253008,9.222685813903809,54400,0.0,0
2021-11-12,9.242412567138674,9.27200380645673,9.212821327820617,9.242412567138672,15200,0.0,0
2021-11-15,9.262140894352704,9.370642734738638,9.232548713684084,9.232548713684082,105100,0.0,0
2021-11-16,9.202957473704021,9.262140894352704,9.202957473704021,9.232548713684082,48300,0.0,0
2021-11-17,9.242413106566353,9.291732468767298,9.18323062447609,9.262141227722168,37800,0.0,0
2021-11-18,9.291732019498289,9.291732019498289,9.183230180453304,9.193093299865723,44400,0.0,0
2021-11-19,9.212821327820617,9.311459105776985,9.212821327820617,9.242412567138672,42400,0.0,0
2021-11-22,9.262140779883937,9.272003899296356,9.183230180453304,9.193093299865723,30900,0.0,0
2021-11-23,9.212821189391796,9.212821189391796,9.09445529320956,9.114182472229004,30200,0.0,0
2021-11-24,9.064863204956055,9.124046623987578,8.98595260670638,9.064863204956055,65500,0.0,0
2021-11-26,9.064863726718812,9.064863726718812,8.956361883052404,8.995817184448242,38100,0.0,0
2021-11-29,9.06486308976114,9.06486308976114,8.985952492514249,9.025407791137695,38800,0.0,0
2021-11-30,8.985953201905357,9.055000685463693,8.857723236083984,8.857723236083984,81300,0.0,0
2021-12-01,8.88731500313952,8.936634363182748,8.867586882846808,8.877450942993164,36100,0.0,0
2021-12-02,8.907042090178424,8.995816749195944,8.887314910779274,8.926770210266113,41600,0.0,0
2021-12-03,8.936634661391473,8.946497781178403,8.729494094848633,8.729494094848633,44200,0.0,0
2021-12-06,8.778811815022774,8.96622518634167,8.778811815022774,8.897178649902344,77400,0.0,0
2021-12-07,9.064863382331168,9.064863382331168,8.847859703242648,8.877450942993164,72000,0.0,0
2021-12-08,8.966226038426207,8.966226038426207,8.837996072361058,8.946497917175293,67500,0.0,0
2021-12-09,8.97608977775723,8.97608977775723,8.85772293586582,8.916906356811523,63400,0.0,0
2021-12-10,8.97608979770849,9.015545098197135,8.97608979770849,9.005681037902832,63500,0.0,0
2021-12-13,8.995816957613421,8.995816957613421,8.89717917695533,8.916906356811523,57700,0.0,0
2021-12-14,8.926770753250148,9.055000719554284,8.926770753250148,9.035272598266602,73900,0.0,0
2021-12-15,9.025408124598469,9.08459154506454,8.985952824517273,9.055000305175781,69100,0.0,0
2021-12-16,9.100000381469727,9.140000343322754,9.0600004196167,9.140000343322754,44100,0.125,0
2021-12-17,9.140000343322754,9.15999984741211,9.100000381469727,9.149999618530273,60600,0.0,0
2021-12-20,9.149999618530273,9.149999618530273,9.020000457763672,9.069999694824219,94700,0.0,0
2021-12-21,9.100000381469727,9.109999656677246,9.029999732971191,9.079999923706055,63000,0.0,0
2021-12-22,9.109999656677246,9.109999656677246,9.050000190734863,9.09000015258789,42200,0.0,0
2021-12-23,9.100000381469727,9.100000381469727,8.9399995803833,8.989999771118164,45100,0.0,0
2021-12-27,9.09000015258789,9.100000381469727,8.949999809265137,9.0,79000,0.0,0
2021-12-28,9.0,9.039999961853027,8.899999618530273,8.920000076293945,45900,0.0,0
2021-12-29,8.949999809265137,8.949999809265137,8.890000343322754,8.90999984741211,84000,0.0,0
2021-12-30,8.920000076293945,9.0600004196167,8.899999618530273,9.029999732971191,71000,0.0,0
2021-12-31,9.029999732971191,9.109999656677246,8.989999771118164,9.010000228881836,49000,0.0,0
2022-01-03,9.0,9.029999732971191,8.970000267028809,8.970000267028809,26900,0.0,0
2022-01-04,9.0,9.0,8.949999809265137,8.949999809265137,36700,0.0,0
2022-01-05,8.960000038146973,9.0,8.930000305175781,8.9399995803833,21600,0.0,0
2022-01-06,8.960000038146973,8.979999542236328,8.9399995803833,8.960000038146973,28700,0.0,0
2022-01-07,8.960000038146973,9.020000457763672,8.9399995803833,8.949999809265137,24200,0.0,0
2022-01-10,8.970000267028809,9.0,8.859999656677246,8.9399995803833,75700,0.0,0
2022-01-11,8.930000305175781,8.979999542236328,8.869999885559082,8.890000343322754,45000,0.0,0
2022-01-12,8.970000267028809,9.109999656677246,8.920000076293945,9.010000228881836,61200,0.0,0
2022-01-13,9.029999732971191,9.069999694824219,8.899999618530273,8.989999771118164,51300,0.0,0
2022-01-14,8.979999542236328,9.0,8.930000305175781,8.930000305175781,61800,0.0,0
2022-01-18,8.899999618530273,8.920000076293945,8.850000381469727,8.890000343322754,44700,0.0,0
2022-01-19,8.890000343322754,8.970000267028809,8.8100004196167,8.819999694824219,71300,0.0,0
2022-01-20,8.859999656677246,8.949999809265137,8.75,8.779999732971191,40700,0.0,0
2022-01-21,8.800000190734863,8.880000114440918,8.739999771118164,8.760000228881836,19400,0.0,0
2022-01-24,8.6899995803833,8.699999809265137,8.539999961853027,8.5600004196167,33400,0.0,0
2022-01-25,8.510000228881836,8.670000076293945,8.510000228881836,8.510000228881836,51600,0.0,0
2022-01-26,8.550000190734863,8.640000343322754,8.510000228881836,8.550000190734863,26500,0.0,0
2022-01-27,8.520000457763672,8.699999809265137,8.520000457763672,8.640000343322754,17900,0.0,0
2022-01-28,8.609999656677246,8.739999771118164,8.600000381469727,8.6899995803833,29100,0.0,0
2022-01-31,8.6899995803833,8.699999809265137,8.5600004196167,8.65999984741211,14400,0.0,0
2022-02-01,8.65999984741211,8.84000015258789,8.619999885559082,8.800000190734863,19800,0.0,0
2022-02-02,8.800000190734863,8.819999694824219,8.720000267028809,8.739999771118164,10300,0.0,0
2022-02-03,8.710000038146973,8.729999542236328,8.550000190734863,8.569999694824219,73300,0.0,0
2022-02-04,8.569999694824219,8.609999656677246,8.529999732971191,8.5600004196167,29300,0.0,0
